num_pickups,num_passengers,yr,mnth,d,hr
55,100,2016,1,1,0
17,30,2016,1,1,1
13,13,2016,1,1,2
20,39,2016,1,1,3
12,23,2016,1,1,4
16,30,2016,1,1,5
27,63,2016,1,1,6
32,68,2016,1,1,7
126,232,2016,1,1,8
172,339,2016,1,1,9
248,466,2016,1,1,10
280,524,2016,1,1,11
224,431,2016,1,1,12
398,739,2016,1,1,13
563,1083,2016,1,1,14
437,811,2016,1,1,15
485,913,2016,1,1,16
586,1078,2016,1,1,17
493,899,2016,1,1,18
475,883,2016,1,1,19
429,772,2016,1,1,20
431,854,2016,1,1,21
405,745,2016,1,1,22
428,780,2016,1,1,23
128,220,2016,1,2,0
33,53,2016,1,2,1
17,39,2016,1,2,2
4,5,2016,1,2,3
4,10,2016,1,2,4
13,24,2016,1,2,5
21,39,2016,1,2,6
58,114,2016,1,2,7
196,370,2016,1,2,8
406,698,2016,1,2,9
559,984,2016,1,2,10
439,765,2016,1,2,11
383,664,2016,1,2,12
383,717,2016,1,2,13
516,922,2016,1,2,14
456,868,2016,1,2,15
392,725,2016,1,2,16
616,1123,2016,1,2,17
581,1057,2016,1,2,18
483,848,2016,1,2,19
539,1020,2016,1,2,20
450,781,2016,1,2,21
497,918,2016,1,2,22
582,1035,2016,1,2,23
228,427,2016,1,3,0
62,104,2016,1,3,1
9,9,2016,1,3,2
7,14,2016,1,3,3
7,10,2016,1,3,4
15,22,2016,1,3,5
66,118,2016,1,3,6
106,188,2016,1,3,7
182,343,2016,1,3,8
572,1020,2016,1,3,9
613,1084,2016,1,3,10
557,946,2016,1,3,11
402,717,2016,1,3,12
583,1036,2016,1,3,13
616,1096,2016,1,3,14
642,1183,2016,1,3,15
759,1353,2016,1,3,16
859,1492,2016,1,3,17
845,1449,2016,1,3,18
854,1410,2016,1,3,19
764,1351,2016,1,3,20
858,1497,2016,1,3,21
808,1341,2016,1,3,22
927,1551,2016,1,3,23
439,714,2016,1,4,0
10,15,2016,1,4,1
2,2,2016,1,4,2
1,1,2016,1,4,3
15,19,2016,1,4,4
13,18,2016,1,4,5
117,198,2016,1,4,6
206,344,2016,1,4,7
553,898,2016,1,4,8
882,1489,2016,1,4,9
837,1374,2016,1,4,10
588,1058,2016,1,4,11
487,857,2016,1,4,12
536,954,2016,1,4,13
679,1219,2016,1,4,14
633,1153,2016,1,4,15
579,1009,2016,1,4,16
681,1169,2016,1,4,17
485,825,2016,1,4,18
662,1138,2016,1,4,19
604,1044,2016,1,4,20
612,1061,2016,1,4,21
699,1187,2016,1,4,22
704,1200,2016,1,4,23
409,644,2016,1,5,0
97,183,2016,1,5,1
5,10,2016,1,5,2
1,1,2016,1,5,3
5,10,2016,1,5,4
7,11,2016,1,5,5
23,36,2016,1,5,6
166,292,2016,1,5,7
440,798,2016,1,5,8
491,833,2016,1,5,9
582,1004,2016,1,5,10
563,1001,2016,1,5,11
444,742,2016,1,5,12
396,684,2016,1,5,13
632,1104,2016,1,5,14
643,1131,2016,1,5,15
503,873,2016,1,5,16
621,1072,2016,1,5,17
476,839,2016,1,5,18
598,1011,2016,1,5,19
575,1039,2016,1,5,20
577,991,2016,1,5,21
568,973,2016,1,5,22
549,948,2016,1,5,23
232,421,2016,1,6,0
6,7,2016,1,6,1
1,3,2016,1,6,2
1,1,2016,1,6,3
10,18,2016,1,6,4
10,16,2016,1,6,5
25,31,2016,1,6,6
164,315,2016,1,6,7
353,607,2016,1,6,8
510,907,2016,1,6,9
454,824,2016,1,6,10
522,868,2016,1,6,11
504,801,2016,1,6,12
408,762,2016,1,6,13
546,962,2016,1,6,14
546,1046,2016,1,6,15
547,926,2016,1,6,16
575,1025,2016,1,6,17
592,1027,2016,1,6,18
554,986,2016,1,6,19
528,943,2016,1,6,20
621,1035,2016,1,6,21
547,904,2016,1,6,22
380,638,2016,1,6,23
146,230,2016,1,7,0
6,19,2016,1,7,1
1,1,2016,1,7,2
3,3,2016,1,7,3
6,8,2016,1,7,4
9,20,2016,1,7,5
14,16,2016,1,7,6
155,261,2016,1,7,7
322,569,2016,1,7,8
436,731,2016,1,7,9
541,965,2016,1,7,10
403,699,2016,1,7,11
429,825,2016,1,7,12
447,802,2016,1,7,13
588,1013,2016,1,7,14
576,953,2016,1,7,15
437,780,2016,1,7,16
663,1132,2016,1,7,17
603,1035,2016,1,7,18
715,1232,2016,1,7,19
598,1082,2016,1,7,20
706,1184,2016,1,7,21
530,910,2016,1,7,22
511,845,2016,1,7,23
130,229,2016,1,8,0
6,12,2016,1,8,1
2,3,2016,1,8,2
2,2,2016,1,8,3
8,10,2016,1,8,4
8,9,2016,1,8,5
17,34,2016,1,8,6
145,266,2016,1,8,7
267,472,2016,1,8,8
319,561,2016,1,8,9
470,854,2016,1,8,10
387,693,2016,1,8,11
342,654,2016,1,8,12
400,690,2016,1,8,13
478,826,2016,1,8,14
485,891,2016,1,8,15
559,942,2016,1,8,16
511,875,2016,1,8,17
624,1082,2016,1,8,18
562,1001,2016,1,8,19
539,924,2016,1,8,20
563,949,2016,1,8,21
413,696,2016,1,8,22
471,766,2016,1,8,23
59,86,2016,1,9,0
46,93,2016,1,9,1
1,1,2016,1,9,3
4,8,2016,1,9,4
12,35,2016,1,9,5
9,18,2016,1,9,6
19,43,2016,1,9,7
127,213,2016,1,9,8
153,276,2016,1,9,9
373,717,2016,1,9,10
207,335,2016,1,9,11
297,509,2016,1,9,12
297,473,2016,1,9,13
298,461,2016,1,9,14
378,640,2016,1,9,15
333,567,2016,1,9,16
412,727,2016,1,9,17
269,473,2016,1,9,18
274,524,2016,1,9,19
259,468,2016,1,9,20
259,441,2016,1,9,21
270,452,2016,1,9,22
288,484,2016,1,9,23
94,149,2016,1,10,0
13,25,2016,1,10,1
2,4,2016,1,10,3
5,9,2016,1,10,4
4,7,2016,1,10,5
15,37,2016,1,10,6
7,12,2016,1,10,7
90,168,2016,1,10,8
61,101,2016,1,10,9
258,426,2016,1,10,10
292,477,2016,1,10,11
424,765,2016,1,10,12
365,598,2016,1,10,13
564,1004,2016,1,10,14
418,736,2016,1,10,15
418,708,2016,1,10,16
717,1262,2016,1,10,17
762,1340,2016,1,10,18
747,1324,2016,1,10,19
782,1330,2016,1,10,20
843,1402,2016,1,10,21
797,1303,2016,1,10,22
939,1624,2016,1,10,23
507,816,2016,1,11,0
71,123,2016,1,11,1
4,4,2016,1,11,2
1,1,2016,1,11,3
5,5,2016,1,11,4
17,23,2016,1,11,5
18,30,2016,1,11,6
358,563,2016,1,11,7
533,924,2016,1,11,8
729,1257,2016,1,11,9
929,1598,2016,1,11,10
712,1168,2016,1,11,11
539,929,2016,1,11,12
626,1057,2016,1,11,13
578,977,2016,1,11,14
551,899,2016,1,11,15
695,1182,2016,1,11,16
619,1090,2016,1,11,17
656,1119,2016,1,11,18
694,1193,2016,1,11,19
503,847,2016,1,11,20
554,940,2016,1,11,21
502,847,2016,1,11,22
539,964,2016,1,11,23
196,297,2016,1,12,0
60,87,2016,1,12,1
3,5,2016,1,12,2
1,1,2016,1,12,3
11,12,2016,1,12,4
5,5,2016,1,12,5
14,23,2016,1,12,6
254,457,2016,1,12,7
380,657,2016,1,12,8
549,895,2016,1,12,9
651,1135,2016,1,12,10
459,768,2016,1,12,11
631,1066,2016,1,12,12
431,754,2016,1,12,13
567,939,2016,1,12,14
616,1040,2016,1,12,15
524,857,2016,1,12,16
445,750,2016,1,12,17
559,930,2016,1,12,18
693,1222,2016,1,12,19
608,1008,2016,1,12,20
560,925,2016,1,12,21
607,1018,2016,1,12,22
440,700,2016,1,12,23
101,161,2016,1,13,0
2,2,2016,1,13,1
2,2,2016,1,13,3
6,10,2016,1,13,4
12,26,2016,1,13,5
16,31,2016,1,13,6
250,424,2016,1,13,7
338,579,2016,1,13,8
495,875,2016,1,13,9
675,1177,2016,1,13,10
447,738,2016,1,13,11
440,726,2016,1,13,12
525,854,2016,1,13,13
530,879,2016,1,13,14
470,780,2016,1,13,15
554,924,2016,1,13,16
661,1092,2016,1,13,17
740,1218,2016,1,13,18
729,1166,2016,1,13,19
668,1116,2016,1,13,20
656,1073,2016,1,13,21
558,967,2016,1,13,22
472,808,2016,1,13,23
131,205,2016,1,14,0
11,24,2016,1,14,1
1,1,2016,1,14,2
1,1,2016,1,14,3
5,6,2016,1,14,4
9,13,2016,1,14,5
11,13,2016,1,14,6
157,292,2016,1,14,7
356,633,2016,1,14,8
456,796,2016,1,14,9
556,1012,2016,1,14,10
557,958,2016,1,14,11
528,915,2016,1,14,12
435,750,2016,1,14,13
626,1124,2016,1,14,14
624,1127,2016,1,14,15
606,986,2016,1,14,16
634,1071,2016,1,14,17
749,1289,2016,1,14,18
808,1352,2016,1,14,19
789,1385,2016,1,14,20
771,1353,2016,1,14,21
664,1142,2016,1,14,22
724,1183,2016,1,14,23
267,481,2016,1,15,0
17,29,2016,1,15,1
4,4,2016,1,15,2
2,2,2016,1,15,3
5,6,2016,1,15,4
13,14,2016,1,15,5
25,38,2016,1,15,6
138,235,2016,1,15,7
277,482,2016,1,15,8
509,922,2016,1,15,9
547,938,2016,1,15,10
561,967,2016,1,15,11
501,852,2016,1,15,12
476,871,2016,1,15,13
759,1372,2016,1,15,14
672,1154,2016,1,15,15
763,1288,2016,1,15,16
795,1353,2016,1,15,17
827,1410,2016,1,15,18
718,1224,2016,1,15,19
755,1343,2016,1,15,20
660,1174,2016,1,15,21
612,1073,2016,1,15,22
794,1412,2016,1,15,23
219,387,2016,1,16,0
30,46,2016,1,16,1
1,1,2016,1,16,2
2,3,2016,1,16,3
7,7,2016,1,16,4
13,27,2016,1,16,5
12,17,2016,1,16,6
50,90,2016,1,16,7
111,181,2016,1,16,8
283,507,2016,1,16,9
420,745,2016,1,16,10
424,740,2016,1,16,11
366,665,2016,1,16,12
415,734,2016,1,16,13
365,661,2016,1,16,14
434,740,2016,1,16,15
467,777,2016,1,16,16
547,971,2016,1,16,17
355,665,2016,1,16,18
313,566,2016,1,16,19
300,547,2016,1,16,20
266,439,2016,1,16,21
224,387,2016,1,16,22
311,521,2016,1,16,23
152,257,2016,1,17,0
21,27,2016,1,17,1
6,7,2016,1,17,2
3,5,2016,1,17,3
4,5,2016,1,17,4
8,13,2016,1,17,5
11,21,2016,1,17,6
12,15,2016,1,17,7
144,235,2016,1,17,8
187,328,2016,1,17,9
491,831,2016,1,17,10
247,412,2016,1,17,11
439,711,2016,1,17,12
480,885,2016,1,17,13
476,853,2016,1,17,14
585,1043,2016,1,17,15
678,1210,2016,1,17,16
622,1143,2016,1,17,17
620,1068,2016,1,17,18
556,954,2016,1,17,19
665,1115,2016,1,17,20
689,1155,2016,1,17,21
640,1074,2016,1,17,22
604,975,2016,1,17,23
223,337,2016,1,18,0
48,73,2016,1,18,1
1,1,2016,1,18,2
6,7,2016,1,18,3
5,11,2016,1,18,4
14,21,2016,1,18,5
21,38,2016,1,18,6
96,191,2016,1,18,7
338,582,2016,1,18,8
514,866,2016,1,18,9
601,1034,2016,1,18,10
482,847,2016,1,18,11
701,1215,2016,1,18,12
618,1025,2016,1,18,13
732,1254,2016,1,18,14
613,1057,2016,1,18,15
794,1368,2016,1,18,16
786,1366,2016,1,18,17
786,1298,2016,1,18,18
745,1267,2016,1,18,19
781,1379,2016,1,18,20
856,1484,2016,1,18,21
906,1595,2016,1,18,22
1159,1945,2016,1,18,23
661,1146,2016,1,19,0
69,119,2016,1,19,1
1,1,2016,1,19,2
7,11,2016,1,19,4
10,17,2016,1,19,5
15,27,2016,1,19,6
389,636,2016,1,19,7
578,960,2016,1,19,8
819,1393,2016,1,19,9
929,1660,2016,1,19,10
711,1229,2016,1,19,11
553,949,2016,1,19,12
457,831,2016,1,19,13
658,1150,2016,1,19,14
487,848,2016,1,19,15
686,1174,2016,1,19,16
607,1029,2016,1,19,17
719,1224,2016,1,19,18
588,1030,2016,1,19,19
701,1182,2016,1,19,20
588,951,2016,1,19,21
674,1118,2016,1,19,22
802,1368,2016,1,19,23
485,794,2016,1,20,0
11,19,2016,1,20,1
3,3,2016,1,20,2
3,3,2016,1,20,4
8,8,2016,1,20,5
40,88,2016,1,20,6
272,430,2016,1,20,7
415,751,2016,1,20,8
561,933,2016,1,20,9
668,1180,2016,1,20,10
604,1105,2016,1,20,11
486,805,2016,1,20,12
431,724,2016,1,20,13
516,909,2016,1,20,14
553,990,2016,1,20,15
638,1097,2016,1,20,16
580,941,2016,1,20,17
609,996,2016,1,20,18
675,1152,2016,1,20,19
602,1058,2016,1,20,20
651,1047,2016,1,20,21
616,1016,2016,1,20,22
604,1028,2016,1,20,23
82,140,2016,1,21,0
2,2,2016,1,21,1
2,6,2016,1,21,2
1,1,2016,1,21,3
3,8,2016,1,21,4
15,24,2016,1,21,5
13,16,2016,1,21,6
189,308,2016,1,21,7
351,588,2016,1,21,8
452,777,2016,1,21,9
504,882,2016,1,21,10
418,793,2016,1,21,11
568,994,2016,1,21,12
541,955,2016,1,21,13
491,869,2016,1,21,14
556,964,2016,1,21,15
668,1076,2016,1,21,16
722,1209,2016,1,21,17
671,1137,2016,1,21,18
810,1386,2016,1,21,19
771,1360,2016,1,21,20
940,1571,2016,1,21,21
813,1318,2016,1,21,22
650,1088,2016,1,21,23
315,466,2016,1,22,0
9,16,2016,1,22,1
3,7,2016,1,22,2
7,7,2016,1,22,3
11,28,2016,1,22,4
9,14,2016,1,22,5
20,40,2016,1,22,6
119,210,2016,1,22,7
304,515,2016,1,22,8
370,648,2016,1,22,9
469,803,2016,1,22,10
530,903,2016,1,22,11
405,709,2016,1,22,12
514,946,2016,1,22,13
532,904,2016,1,22,14
645,1089,2016,1,22,15
653,1114,2016,1,22,16
697,1226,2016,1,22,17
563,946,2016,1,22,18
651,1155,2016,1,22,19
349,632,2016,1,22,20
215,394,2016,1,22,21
41,93,2016,1,22,22
67,118,2016,1,22,23
28,39,2016,1,23,0
1,1,2016,1,23,1
3,4,2016,1,23,2
1,1,2016,1,23,3
2,2,2016,1,23,4
4,5,2016,1,23,5
2,2,2016,1,23,6
5,8,2016,1,23,8
5,8,2016,1,23,10
2,7,2016,1,23,11
2,2,2016,1,23,12
2,6,2016,1,23,13
1,1,2016,1,23,14
5,13,2016,1,24,7
6,9,2016,1,24,8
17,22,2016,1,24,9
13,26,2016,1,24,10
20,37,2016,1,24,11
26,52,2016,1,24,12
29,49,2016,1,24,13
132,208,2016,1,24,14
188,328,2016,1,24,15
152,280,2016,1,24,16
213,403,2016,1,24,17
207,358,2016,1,24,18
260,462,2016,1,24,19
219,403,2016,1,24,20
370,610,2016,1,24,21
337,564,2016,1,24,22
365,618,2016,1,24,23
221,369,2016,1,25,0
146,259,2016,1,25,1
65,112,2016,1,25,2
3,4,2016,1,25,3
6,10,2016,1,25,4
38,64,2016,1,25,5
49,95,2016,1,25,6
215,343,2016,1,25,7
371,630,2016,1,25,8
663,1046,2016,1,25,9
627,1068,2016,1,25,10
526,850,2016,1,25,11
439,778,2016,1,25,12
457,825,2016,1,25,13
530,880,2016,1,25,14
527,869,2016,1,25,15
519,903,2016,1,25,16
467,768,2016,1,25,17
386,697,2016,1,25,18
365,609,2016,1,25,19
362,604,2016,1,25,20
344,638,2016,1,25,21
449,781,2016,1,25,22
633,1065,2016,1,25,23
647,1136,2016,1,26,0
225,356,2016,1,26,1
7,9,2016,1,26,2
2,2,2016,1,26,3
6,10,2016,1,26,4
25,34,2016,1,26,5
35,42,2016,1,26,6
299,518,2016,1,26,7
719,1229,2016,1,26,8
693,1221,2016,1,26,9
748,1244,2016,1,26,10
693,1197,2016,1,26,11
670,1176,2016,1,26,12
621,1054,2016,1,26,13
666,1101,2016,1,26,14
585,964,2016,1,26,15
663,1105,2016,1,26,16
713,1236,2016,1,26,17
696,1170,2016,1,26,18
624,1106,2016,1,26,19
670,1107,2016,1,26,20
664,1133,2016,1,26,21
663,1072,2016,1,26,22
575,959,2016,1,26,23
187,290,2016,1,27,0
2,2,2016,1,27,1
1,1,2016,1,27,2
2,2,2016,1,27,3
3,3,2016,1,27,4
12,13,2016,1,27,5
47,78,2016,1,27,6
249,406,2016,1,27,7
410,706,2016,1,27,8
505,822,2016,1,27,9
554,987,2016,1,27,10
561,946,2016,1,27,11
464,784,2016,1,27,12
462,772,2016,1,27,13
535,852,2016,1,27,14
563,926,2016,1,27,15
647,1026,2016,1,27,16
563,942,2016,1,27,17
606,1013,2016,1,27,18
631,1104,2016,1,27,19
620,1149,2016,1,27,20
659,1144,2016,1,27,21
582,951,2016,1,27,22
472,830,2016,1,27,23
121,234,2016,1,28,0
5,5,2016,1,28,1
3,7,2016,1,28,4
16,30,2016,1,28,5
17,25,2016,1,28,6
190,323,2016,1,28,7
314,508,2016,1,28,8
517,865,2016,1,28,9
693,1162,2016,1,28,10
480,778,2016,1,28,11
462,810,2016,1,28,12
440,743,2016,1,28,13
640,1119,2016,1,28,14
620,993,2016,1,28,15
551,912,2016,1,28,16
671,1107,2016,1,28,17
722,1269,2016,1,28,18
763,1346,2016,1,28,19
730,1268,2016,1,28,20
783,1320,2016,1,28,21
659,1138,2016,1,28,22
703,1260,2016,1,28,23
174,269,2016,1,29,0
7,20,2016,1,29,1
3,3,2016,1,29,4
13,17,2016,1,29,5
17,41,2016,1,29,6
112,176,2016,1,29,7
301,499,2016,1,29,8
411,704,2016,1,29,9
463,893,2016,1,29,10
543,1015,2016,1,29,11
479,851,2016,1,29,12
496,846,2016,1,29,13
546,941,2016,1,29,14
563,944,2016,1,29,15
568,943,2016,1,29,16
546,949,2016,1,29,17
612,1011,2016,1,29,18
579,973,2016,1,29,19
598,1026,2016,1,29,20
666,1148,2016,1,29,21
703,1184,2016,1,29,22
549,967,2016,1,29,23
413,756,2016,1,30,0
67,121,2016,1,30,1
9,11,2016,1,30,2
1,1,2016,1,30,3
3,8,2016,1,30,4
5,6,2016,1,30,5
6,12,2016,1,30,6
35,59,2016,1,30,7
117,199,2016,1,30,8
177,280,2016,1,30,9
474,883,2016,1,30,10
250,477,2016,1,30,11
228,404,2016,1,30,12
358,608,2016,1,30,13
345,608,2016,1,30,14
317,564,2016,1,30,15
347,561,2016,1,30,16
353,588,2016,1,30,17
203,348,2016,1,30,18
239,404,2016,1,30,19
152,267,2016,1,30,20
306,536,2016,1,30,21
207,364,2016,1,30,22
236,466,2016,1,30,23
98,144,2016,1,31,0
1,1,2016,1,31,1
2,2,2016,1,31,3
3,5,2016,1,31,4
6,7,2016,1,31,5
4,8,2016,1,31,6
35,52,2016,1,31,7
121,213,2016,1,31,8
195,317,2016,1,31,9
337,553,2016,1,31,10
285,454,2016,1,31,11
494,878,2016,1,31,12
304,558,2016,1,31,13
558,975,2016,1,31,14
608,1069,2016,1,31,15
722,1213,2016,1,31,16
730,1237,2016,1,31,17
775,1336,2016,1,31,18
808,1379,2016,1,31,19
724,1224,2016,1,31,20
823,1398,2016,1,31,21
727,1219,2016,1,31,22
888,1513,2016,1,31,23
344,575,2016,2,1,0
58,104,2016,2,1,1
2,3,2016,2,1,2
1,1,2016,2,1,3
4,9,2016,2,1,5
44,74,2016,2,1,6
325,556,2016,2,1,7
593,940,2016,2,1,8
873,1434,2016,2,1,9
834,1459,2016,2,1,10
764,1301,2016,2,1,11
705,1267,2016,2,1,12
527,910,2016,2,1,13
665,1177,2016,2,1,14
656,1083,2016,2,1,15
620,1030,2016,2,1,16
634,1129,2016,2,1,17
667,1168,2016,2,1,18
667,1110,2016,2,1,19
728,1197,2016,2,1,20
730,1256,2016,2,1,21
528,928,2016,2,1,22
449,737,2016,2,1,23
39,55,2016,2,2,0
39,58,2016,2,2,1
1,1,2016,2,2,4
6,8,2016,2,2,5
30,36,2016,2,2,6
310,551,2016,2,2,7
482,807,2016,2,2,8
558,943,2016,2,2,9
810,1420,2016,2,2,10
530,886,2016,2,2,11
343,615,2016,2,2,12
479,820,2016,2,2,13
584,1035,2016,2,2,14
542,970,2016,2,2,15
457,750,2016,2,2,16
536,890,2016,2,2,17
535,914,2016,2,2,18
636,1103,2016,2,2,19
641,1016,2016,2,2,20
571,901,2016,2,2,21
478,829,2016,2,2,22
307,533,2016,2,2,23
224,394,2016,2,3,0
26,34,2016,2,3,1
1,3,2016,2,3,2
4,4,2016,2,3,4
8,8,2016,2,3,5
44,62,2016,2,3,6
261,431,2016,2,3,7
307,507,2016,2,3,8
439,723,2016,2,3,9
557,965,2016,2,3,10
590,1040,2016,2,3,11
375,628,2016,2,3,12
384,694,2016,2,3,13
383,645,2016,2,3,14
387,689,2016,2,3,15
439,680,2016,2,3,16
472,776,2016,2,3,17
566,943,2016,2,3,18
534,980,2016,2,3,19
538,893,2016,2,3,20
458,791,2016,2,3,21
528,859,2016,2,3,22
574,957,2016,2,3,23
668,1120,2016,2,4,0
49,85,2016,2,4,1
1,1,2016,2,4,2
2,4,2016,2,4,4
14,26,2016,2,4,5
23,44,2016,2,4,6
227,369,2016,2,4,7
290,527,2016,2,4,8
457,797,2016,2,4,9
498,835,2016,2,4,10
484,827,2016,2,4,11
337,607,2016,2,4,12
456,831,2016,2,4,13
540,954,2016,2,4,14
507,865,2016,2,4,15
553,885,2016,2,4,16
605,1028,2016,2,4,17
617,1035,2016,2,4,18
743,1272,2016,2,4,19
688,1082,2016,2,4,20
817,1353,2016,2,4,21
624,1047,2016,2,4,22
702,1167,2016,2,4,23
43,67,2016,2,5,0
3,5,2016,2,5,1
2,2,2016,2,5,2
1,1,2016,2,5,3
10,13,2016,2,5,4
10,15,2016,2,5,5
16,16,2016,2,5,6
39,62,2016,2,5,7
134,211,2016,2,5,8
181,296,2016,2,5,9
157,252,2016,2,5,10
243,378,2016,2,5,11
366,671,2016,2,5,12
465,856,2016,2,5,13
526,981,2016,2,5,14
461,814,2016,2,5,15
578,982,2016,2,5,16
715,1182,2016,2,5,17
670,1205,2016,2,5,18
713,1266,2016,2,5,19
740,1304,2016,2,5,20
677,1121,2016,2,5,21
460,763,2016,2,5,22
624,998,2016,2,5,23
117,199,2016,2,6,0
11,17,2016,2,6,1
3,3,2016,2,6,2
2,3,2016,2,6,3
5,5,2016,2,6,4
4,5,2016,2,6,5
10,15,2016,2,6,6
39,76,2016,2,6,7
93,159,2016,2,6,8
166,311,2016,2,6,9
319,545,2016,2,6,10
208,341,2016,2,6,11
290,481,2016,2,6,12
266,449,2016,2,6,13
293,537,2016,2,6,14
312,549,2016,2,6,15
261,430,2016,2,6,16
376,620,2016,2,6,17
197,344,2016,2,6,18
255,435,2016,2,6,19
138,212,2016,2,6,20
282,495,2016,2,6,21
159,272,2016,2,6,22
232,410,2016,2,6,23
29,45,2016,2,7,0
31,67,2016,2,7,1
4,5,2016,2,7,2
1,1,2016,2,7,3
5,6,2016,2,7,4
4,9,2016,2,7,5
10,14,2016,2,7,6
22,30,2016,2,7,7
110,181,2016,2,7,8
88,146,2016,2,7,9
365,613,2016,2,7,10
191,298,2016,2,7,11
284,468,2016,2,7,12
411,717,2016,2,7,13
530,929,2016,2,7,14
599,1061,2016,2,7,15
584,1045,2016,2,7,16
735,1302,2016,2,7,17
703,1223,2016,2,7,18
653,1074,2016,2,7,19
516,912,2016,2,7,20
619,1052,2016,2,7,21
607,1023,2016,2,7,22
563,932,2016,2,7,23
188,295,2016,2,8,0
45,101,2016,2,8,1
6,12,2016,2,8,4
18,19,2016,2,8,5
36,47,2016,2,8,6
326,494,2016,2,8,7
512,850,2016,2,8,8
567,987,2016,2,8,9
303,469,2016,2,8,10
480,831,2016,2,8,11
337,553,2016,2,8,12
779,1389,2016,2,8,13
708,1199,2016,2,8,14
642,1064,2016,2,8,15
677,1098,2016,2,8,16
596,1027,2016,2,8,17
492,844,2016,2,8,18
681,1204,2016,2,8,19
529,912,2016,2,8,20
629,1047,2016,2,8,21
696,1129,2016,2,8,22
881,1487,2016,2,8,23
318,542,2016,2,9,0
14,22,2016,2,9,1
1,1,2016,2,9,2
5,6,2016,2,9,4
7,12,2016,2,9,5
35,48,2016,2,9,6
202,294,2016,2,9,7
434,734,2016,2,9,8
529,846,2016,2,9,9
572,952,2016,2,9,10
657,1183,2016,2,9,11
477,832,2016,2,9,12
433,731,2016,2,9,13
458,730,2016,2,9,14
518,856,2016,2,9,15
498,803,2016,2,9,16
526,867,2016,2,9,17
589,977,2016,2,9,18
580,947,2016,2,9,19
594,999,2016,2,9,20
528,897,2016,2,9,21
509,792,2016,2,9,22
547,876,2016,2,9,23
144,228,2016,2,10,0
5,5,2016,2,10,1
1,1,2016,2,10,2
5,5,2016,2,10,4
13,21,2016,2,10,5
32,44,2016,2,10,6
168,265,2016,2,10,7
420,654,2016,2,10,8
458,750,2016,2,10,9
661,1147,2016,2,10,10
463,787,2016,2,10,11
514,847,2016,2,10,12
423,746,2016,2,10,13
588,1010,2016,2,10,14
534,886,2016,2,10,15
504,798,2016,2,10,16
682,1138,2016,2,10,17
642,1065,2016,2,10,18
690,1166,2016,2,10,19
641,1070,2016,2,10,20
738,1280,2016,2,10,21
571,961,2016,2,10,22
488,814,2016,2,10,23
60,84,2016,2,11,0
19,29,2016,2,11,1
1,1,2016,2,11,2
4,7,2016,2,11,4
10,15,2016,2,11,5
38,52,2016,2,11,6
176,302,2016,2,11,7
285,502,2016,2,11,8
438,728,2016,2,11,9
545,943,2016,2,11,10
336,588,2016,2,11,11
509,874,2016,2,11,12
582,1033,2016,2,11,13
432,730,2016,2,11,14
617,1034,2016,2,11,15
473,854,2016,2,11,16
564,1004,2016,2,11,17
631,1088,2016,2,11,18
799,1389,2016,2,11,19
580,1027,2016,2,11,20
733,1307,2016,2,11,21
667,1125,2016,2,11,22
763,1341,2016,2,11,23
857,1589,2016,2,12,0
559,938,2016,2,12,1
21,38,2016,2,12,2
8,14,2016,2,12,3
13,19,2016,2,12,4
8,22,2016,2,12,5
29,55,2016,2,12,6
133,218,2016,2,12,7
402,678,2016,2,12,8
450,801,2016,2,12,9
587,1068,2016,2,12,10
624,1134,2016,2,12,11
489,919,2016,2,12,12
580,1011,2016,2,12,13
721,1269,2016,2,12,14
757,1278,2016,2,12,15
805,1411,2016,2,12,16
663,1160,2016,2,12,17
845,1455,2016,2,12,18
715,1220,2016,2,12,19
712,1276,2016,2,12,20
784,1398,2016,2,12,21
601,1021,2016,2,12,22
728,1289,2016,2,12,23
220,419,2016,2,13,0
7,26,2016,2,13,1
2,3,2016,2,13,2
5,5,2016,2,13,4
6,13,2016,2,13,5
13,24,2016,2,13,6
45,70,2016,2,13,7
115,216,2016,2,13,8
226,442,2016,2,13,9
399,704,2016,2,13,10
316,636,2016,2,13,11
329,588,2016,2,13,12
451,860,2016,2,13,13
347,656,2016,2,13,14
284,476,2016,2,13,15
310,529,2016,2,13,16
339,597,2016,2,13,17
283,505,2016,2,13,18
243,448,2016,2,13,19
258,443,2016,2,13,20
266,445,2016,2,13,21
201,328,2016,2,13,22
236,420,2016,2,13,23
78,134,2016,2,14,0
4,4,2016,2,14,1
1,1,2016,2,14,3
3,4,2016,2,14,4
7,8,2016,2,14,5
11,16,2016,2,14,6
5,5,2016,2,14,7
84,136,2016,2,14,8
170,298,2016,2,14,9
231,394,2016,2,14,10
242,408,2016,2,14,11
308,504,2016,2,14,12
414,761,2016,2,14,13
353,606,2016,2,14,14
493,892,2016,2,14,15
542,940,2016,2,14,16
536,978,2016,2,14,17
367,628,2016,2,14,18
561,1027,2016,2,14,19
392,652,2016,2,14,20
553,964,2016,2,14,21
338,568,2016,2,14,22
519,828,2016,2,14,23
214,357,2016,2,15,0
107,238,2016,2,15,1
8,12,2016,2,15,2
37,77,2016,2,15,3
13,21,2016,2,15,4
11,13,2016,2,15,5
31,66,2016,2,15,6
69,121,2016,2,15,7
387,628,2016,2,15,8
559,974,2016,2,15,9
563,952,2016,2,15,10
692,1132,2016,2,15,11
317,558,2016,2,15,12
484,816,2016,2,15,13
544,911,2016,2,15,14
473,808,2016,2,15,15
573,977,2016,2,15,16
634,1113,2016,2,15,17
371,620,2016,2,15,18
393,669,2016,2,15,19
584,1029,2016,2,15,20
461,812,2016,2,15,21
702,1165,2016,2,15,22
795,1365,2016,2,15,23
1046,1830,2016,2,16,0
744,1324,2016,2,16,1
586,1020,2016,2,16,2
216,400,2016,2,16,3
27,46,2016,2,16,4
41,55,2016,2,16,5
36,54,2016,2,16,6
191,299,2016,2,16,7
550,976,2016,2,16,8
586,1005,2016,2,16,9
737,1189,2016,2,16,10
704,1221,2016,2,16,11
604,986,2016,2,16,12
152,250,2016,2,16,13
412,720,2016,2,16,14
331,561,2016,2,16,15
761,1221,2016,2,16,16
681,1197,2016,2,16,17
746,1286,2016,2,16,18
532,939,2016,2,16,19
712,1218,2016,2,16,20
702,1199,2016,2,16,21
720,1295,2016,2,16,22
796,1301,2016,2,16,23
685,1143,2016,2,17,0
408,728,2016,2,17,1
39,72,2016,2,17,2
19,44,2016,2,17,3
6,11,2016,2,17,4
9,16,2016,2,17,5
38,59,2016,2,17,6
244,425,2016,2,17,7
385,691,2016,2,17,8
710,1206,2016,2,17,9
732,1250,2016,2,17,10
748,1287,2016,2,17,11
540,922,2016,2,17,12
579,921,2016,2,17,13
518,874,2016,2,17,14
579,1053,2016,2,17,15
651,1073,2016,2,17,16
684,1202,2016,2,17,17
450,756,2016,2,17,18
569,994,2016,2,17,19
639,1132,2016,2,17,20
576,1003,2016,2,17,21
680,1171,2016,2,17,22
668,1148,2016,2,17,23
192,321,2016,2,18,0
7,9,2016,2,18,1
2,2,2016,2,18,2
1,1,2016,2,18,3
4,6,2016,2,18,4
6,10,2016,2,18,5
22,53,2016,2,18,6
176,291,2016,2,18,7
354,618,2016,2,18,8
455,827,2016,2,18,9
634,1078,2016,2,18,10
481,874,2016,2,18,11
483,907,2016,2,18,12
456,824,2016,2,18,13
546,1001,2016,2,18,14
587,1003,2016,2,18,15
544,912,2016,2,18,16
668,1157,2016,2,18,17
699,1211,2016,2,18,18
768,1343,2016,2,18,19
698,1193,2016,2,18,20
734,1233,2016,2,18,21
800,1333,2016,2,18,22
790,1364,2016,2,18,23
302,551,2016,2,19,0
8,8,2016,2,19,1
1,5,2016,2,19,2
5,5,2016,2,19,4
17,22,2016,2,19,5
18,47,2016,2,19,6
167,257,2016,2,19,7
271,490,2016,2,19,8
486,908,2016,2,19,9
594,1054,2016,2,19,10
559,1014,2016,2,19,11
434,778,2016,2,19,12
527,914,2016,2,19,13
577,1031,2016,2,19,14
701,1181,2016,2,19,15
547,904,2016,2,19,16
681,1218,2016,2,19,17
570,1021,2016,2,19,18
739,1264,2016,2,19,19
677,1154,2016,2,19,20
641,1093,2016,2,19,21
463,810,2016,2,19,22
494,891,2016,2,19,23
296,526,2016,2,20,0
10,15,2016,2,20,1
2,2,2016,2,20,2
1,1,2016,2,20,3
18,30,2016,2,20,4
5,6,2016,2,20,5
7,8,2016,2,20,6
46,73,2016,2,20,7
105,168,2016,2,20,8
219,388,2016,2,20,9
420,758,2016,2,20,10
272,490,2016,2,20,11
232,415,2016,2,20,12
411,694,2016,2,20,13
349,663,2016,2,20,14
368,657,2016,2,20,15
355,617,2016,2,20,16
339,582,2016,2,20,17
260,457,2016,2,20,18
192,342,2016,2,20,19
179,325,2016,2,20,20
218,407,2016,2,20,21
251,493,2016,2,20,22
267,475,2016,2,20,23
47,101,2016,2,21,0
8,17,2016,2,21,1
4,13,2016,2,21,2
3,11,2016,2,21,3
4,6,2016,2,21,4
5,10,2016,2,21,5
11,26,2016,2,21,6
53,82,2016,2,21,7
125,222,2016,2,21,8
308,540,2016,2,21,9
445,787,2016,2,21,10
412,709,2016,2,21,11
457,802,2016,2,21,12
500,883,2016,2,21,13
661,1138,2016,2,21,14
583,1048,2016,2,21,15
690,1265,2016,2,21,16
790,1361,2016,2,21,17
768,1325,2016,2,21,18
754,1290,2016,2,21,19
848,1455,2016,2,21,20
831,1370,2016,2,21,21
831,1400,2016,2,21,22
855,1416,2016,2,21,23
116,174,2016,2,22,0
96,162,2016,2,22,1
2,2,2016,2,22,2
30,41,2016,2,22,3
6,17,2016,2,22,4
10,16,2016,2,22,5
35,60,2016,2,22,6
368,621,2016,2,22,7
662,1060,2016,2,22,8
782,1285,2016,2,22,9
856,1467,2016,2,22,10
634,1044,2016,2,22,11
790,1350,2016,2,22,12
698,1159,2016,2,22,13
634,1057,2016,2,22,14
667,1079,2016,2,22,15
650,1070,2016,2,22,16
713,1190,2016,2,22,17
816,1333,2016,2,22,18
741,1257,2016,2,22,19
685,1139,2016,2,22,20
718,1275,2016,2,22,21
665,1125,2016,2,22,22
627,1052,2016,2,22,23
165,292,2016,2,23,0
2,3,2016,2,23,1
2,2,2016,2,23,2
2,6,2016,2,23,4
4,4,2016,2,23,5
61,102,2016,2,23,6
279,490,2016,2,23,7
547,923,2016,2,23,8
501,838,2016,2,23,9
652,1083,2016,2,23,10
526,863,2016,2,23,11
616,1062,2016,2,23,12
481,799,2016,2,23,13
415,756,2016,2,23,14
521,947,2016,2,23,15
570,918,2016,2,23,16
626,1102,2016,2,23,17
609,1053,2016,2,23,18
679,1130,2016,2,23,19
606,1063,2016,2,23,20
562,878,2016,2,23,21
538,894,2016,2,23,22
728,1166,2016,2,23,23
656,1166,2016,2,24,0
177,333,2016,2,24,1
6,6,2016,2,24,2
3,4,2016,2,24,3
7,15,2016,2,24,4
9,16,2016,2,24,5
53,81,2016,2,24,6
221,355,2016,2,24,7
380,626,2016,2,24,8
276,441,2016,2,24,9
495,779,2016,2,24,10
387,695,2016,2,24,11
398,683,2016,2,24,12
356,632,2016,2,24,13
564,902,2016,2,24,14
424,713,2016,2,24,15
451,723,2016,2,24,16
521,863,2016,2,24,17
623,1060,2016,2,24,18
384,691,2016,2,24,19
441,753,2016,2,24,20
480,826,2016,2,24,21
422,740,2016,2,24,22
299,510,2016,2,24,23
237,387,2016,2,25,0
541,928,2016,2,25,1
695,1176,2016,2,25,2
199,331,2016,2,25,3
48,111,2016,2,25,4
81,137,2016,2,25,5
147,247,2016,2,25,6
287,456,2016,2,25,7
431,764,2016,2,25,8
619,1021,2016,2,25,9
687,1269,2016,2,25,10
574,945,2016,2,25,11
754,1289,2016,2,25,12
433,730,2016,2,25,13
592,1015,2016,2,25,14
754,1271,2016,2,25,15
735,1152,2016,2,25,16
761,1292,2016,2,25,17
738,1250,2016,2,25,18
746,1274,2016,2,25,19
713,1150,2016,2,25,20
880,1473,2016,2,25,21
803,1353,2016,2,25,22
858,1447,2016,2,25,23
261,453,2016,2,26,0
4,8,2016,2,26,1
1,1,2016,2,26,2
1,1,2016,2,26,3
8,17,2016,2,26,4
11,13,2016,2,26,5
28,55,2016,2,26,6
111,183,2016,2,26,7
313,543,2016,2,26,8
300,541,2016,2,26,9
444,801,2016,2,26,10
448,764,2016,2,26,11
548,961,2016,2,26,12
448,816,2016,2,26,13
507,886,2016,2,26,14
537,884,2016,2,26,15
587,1017,2016,2,26,16
765,1318,2016,2,26,17
709,1162,2016,2,26,18
551,971,2016,2,26,19
685,1165,2016,2,26,20
675,1150,2016,2,26,21
614,1049,2016,2,26,22
716,1280,2016,2,26,23
459,783,2016,2,27,0
21,32,2016,2,27,1
12,21,2016,2,27,2
4,3,2016,2,27,3
4,6,2016,2,27,4
6,15,2016,2,27,5
13,19,2016,2,27,6
21,44,2016,2,27,7
141,267,2016,2,27,8
182,330,2016,2,27,9
347,663,2016,2,27,10
234,417,2016,2,27,11
200,334,2016,2,27,12
368,642,2016,2,27,13
308,530,2016,2,27,14
325,548,2016,2,27,15
395,681,2016,2,27,16
370,646,2016,2,27,17
236,410,2016,2,27,18
272,455,2016,2,27,19
244,399,2016,2,27,20
413,729,2016,2,27,21
196,310,2016,2,27,22
306,510,2016,2,27,23
70,115,2016,2,28,0
50,91,2016,2,28,1
6,16,2016,2,28,2
2,2,2016,2,28,3
3,4,2016,2,28,4
7,7,2016,2,28,5
6,6,2016,2,28,6
38,56,2016,2,28,7
97,179,2016,2,28,8
253,438,2016,2,28,9
388,686,2016,2,28,10
343,571,2016,2,28,11
369,578,2016,2,28,12
483,862,2016,2,28,13
668,1150,2016,2,28,14
602,1023,2016,2,28,15
799,1387,2016,2,28,16
747,1329,2016,2,28,17
736,1251,2016,2,28,18
833,1395,2016,2,28,19
809,1362,2016,2,28,20
931,1518,2016,2,28,21
897,1482,2016,2,28,22
859,1352,2016,2,28,23
344,559,2016,2,29,0
6,9,2016,2,29,1
2,2,2016,2,29,2
1,1,2016,2,29,3
3,11,2016,2,29,4
7,13,2016,2,29,5
65,101,2016,2,29,6
330,583,2016,2,29,7
609,1028,2016,2,29,8
840,1427,2016,2,29,9
877,1456,2016,2,29,10
707,1201,2016,2,29,11
476,776,2016,2,29,12
576,1003,2016,2,29,13
696,1186,2016,2,29,14
632,1059,2016,2,29,15
672,1153,2016,2,29,16
739,1258,2016,2,29,17
661,1082,2016,2,29,18
682,1091,2016,2,29,19
569,886,2016,2,29,20
811,1335,2016,2,29,21
581,942,2016,2,29,22
700,1236,2016,2,29,23
127,197,2016,3,1,0
8,9,2016,3,1,1
1,2,2016,3,1,2
5,9,2016,3,1,4
9,17,2016,3,1,5
32,47,2016,3,1,6
276,495,2016,3,1,7
415,679,2016,3,1,8
675,1118,2016,3,1,9
642,1086,2016,3,1,10
620,1022,2016,3,1,11
460,785,2016,3,1,12
485,832,2016,3,1,13
506,889,2016,3,1,14
514,829,2016,3,1,15
605,1007,2016,3,1,16
656,1119,2016,3,1,17
660,1073,2016,3,1,18
622,1093,2016,3,1,19
556,936,2016,3,1,20
668,1165,2016,3,1,21
522,879,2016,3,1,22
401,721,2016,3,1,23
243,416,2016,3,2,0
35,55,2016,3,2,1
1,3,2016,3,2,2
1,2,2016,3,2,3
4,4,2016,3,2,4
12,21,2016,3,2,5
25,45,2016,3,2,6
181,266,2016,3,2,7
306,491,2016,3,2,8
331,540,2016,3,2,9
611,992,2016,3,2,10
447,734,2016,3,2,11
519,881,2016,3,2,12
451,752,2016,3,2,13
510,846,2016,3,2,14
475,774,2016,3,2,15
617,1007,2016,3,2,16
586,1055,2016,3,2,17
644,1116,2016,3,2,18
786,1388,2016,3,2,19
530,903,2016,3,2,20
786,1309,2016,3,2,21
676,1137,2016,3,2,22
654,1098,2016,3,2,23
112,204,2016,3,3,0
7,10,2016,3,3,1
1,1,2016,3,3,3
4,9,2016,3,3,4
8,8,2016,3,3,5
22,24,2016,3,3,6
200,335,2016,3,3,7
305,497,2016,3,3,8
497,900,2016,3,3,9
544,969,2016,3,3,10
416,690,2016,3,3,11
595,1017,2016,3,3,12
548,951,2016,3,3,13
555,997,2016,3,3,14
592,954,2016,3,3,15
634,1078,2016,3,3,16
641,1076,2016,3,3,17
751,1282,2016,3,3,18
694,1245,2016,3,3,19
770,1310,2016,3,3,20
818,1393,2016,3,3,21
680,1114,2016,3,3,22
570,971,2016,3,3,23
225,377,2016,3,4,0
59,107,2016,3,4,1
1,1,2016,3,4,2
2,2,2016,3,4,3
11,22,2016,3,4,4
15,30,2016,3,4,5
19,32,2016,3,4,6
89,123,2016,3,4,7
277,459,2016,3,4,8
345,596,2016,3,4,9
371,628,2016,3,4,10
576,1053,2016,3,4,11
434,723,2016,3,4,12
603,1036,2016,3,4,13
630,1117,2016,3,4,14
609,1032,2016,3,4,15
679,1166,2016,3,4,16
638,1116,2016,3,4,17
615,1023,2016,3,4,18
667,1164,2016,3,4,19
692,1214,2016,3,4,20
660,1124,2016,3,4,21
524,880,2016,3,4,22
731,1239,2016,3,4,23
412,746,2016,3,5,0
14,28,2016,3,5,1
6,6,2016,3,5,2
11,17,2016,3,5,3
5,6,2016,3,5,4
6,7,2016,3,5,5
15,16,2016,3,5,6
13,24,2016,3,5,7
136,244,2016,3,5,8
257,466,2016,3,5,9
397,721,2016,3,5,10
285,518,2016,3,5,11
327,568,2016,3,5,12
339,606,2016,3,5,13
349,646,2016,3,5,14
398,658,2016,3,5,15
459,785,2016,3,5,16
406,758,2016,3,5,17
314,495,2016,3,5,18
294,524,2016,3,5,19
327,554,2016,3,5,20
290,492,2016,3,5,21
433,719,2016,3,5,22
241,433,2016,3,5,23
110,189,2016,3,6,0
13,20,2016,3,6,1
3,3,2016,3,6,2
3,16,2016,3,6,3
5,5,2016,3,6,4
11,18,2016,3,6,5
21,31,2016,3,6,6
25,34,2016,3,6,7
132,200,2016,3,6,8
263,420,2016,3,6,9
438,811,2016,3,6,10
304,563,2016,3,6,11
457,778,2016,3,6,12
529,988,2016,3,6,13
712,1219,2016,3,6,14
653,1164,2016,3,6,15
685,1197,2016,3,6,16
892,1540,2016,3,6,17
694,1180,2016,3,6,18
845,1424,2016,3,6,19
925,1593,2016,3,6,20
978,1694,2016,3,6,21
848,1425,2016,3,6,22
904,1456,2016,3,6,23
305,519,2016,3,7,0
59,91,2016,3,7,1
4,5,2016,3,7,4
17,27,2016,3,7,5
60,99,2016,3,7,6
298,540,2016,3,7,7
670,1125,2016,3,7,8
778,1279,2016,3,7,9
913,1582,2016,3,7,10
792,1321,2016,3,7,11
648,1124,2016,3,7,12
520,877,2016,3,7,13
751,1328,2016,3,7,14
773,1368,2016,3,7,15
711,1170,2016,3,7,16
693,1153,2016,3,7,17
723,1166,2016,3,7,18
658,1108,2016,3,7,19
645,1070,2016,3,7,20
837,1471,2016,3,7,21
677,1114,2016,3,7,22
673,1107,2016,3,7,23
158,267,2016,3,8,0
57,87,2016,3,8,1
1,1,2016,3,8,2
1,1,2016,3,8,3
4,5,2016,3,8,4
12,14,2016,3,8,5
35,59,2016,3,8,6
253,412,2016,3,8,7
510,888,2016,3,8,8
685,1144,2016,3,8,9
752,1223,2016,3,8,10
596,1048,2016,3,8,11
483,834,2016,3,8,12
480,851,2016,3,8,13
498,829,2016,3,8,14
638,1022,2016,3,8,15
625,1072,2016,3,8,16
752,1245,2016,3,8,17
638,1078,2016,3,8,18
792,1379,2016,3,8,19
603,1029,2016,3,8,20
635,1056,2016,3,8,21
705,1160,2016,3,8,22
520,814,2016,3,8,23
135,227,2016,3,9,0
2,2,2016,3,9,1
1,2,2016,3,9,3
4,4,2016,3,9,4
16,25,2016,3,9,5
25,39,2016,3,9,6
322,548,2016,3,9,7
426,752,2016,3,9,8
579,968,2016,3,9,9
781,1315,2016,3,9,10
666,1167,2016,3,9,11
518,912,2016,3,9,12
454,754,2016,3,9,13
582,1013,2016,3,9,14
643,1052,2016,3,9,15
618,1088,2016,3,9,16
595,994,2016,3,9,17
601,1020,2016,3,9,18
442,738,2016,3,9,19
482,822,2016,3,9,20
522,865,2016,3,9,21
868,1457,2016,3,9,22
808,1275,2016,3,9,23
600,1052,2016,3,10,0
189,313,2016,3,10,1
5,5,2016,3,10,2
1,5,2016,3,10,3
2,2,2016,3,10,4
16,21,2016,3,10,5
33,57,2016,3,10,6
243,375,2016,3,10,7
381,669,2016,3,10,8
611,1093,2016,3,10,9
683,1184,2016,3,10,10
539,930,2016,3,10,11
516,902,2016,3,10,12
554,1002,2016,3,10,13
555,998,2016,3,10,14
674,1109,2016,3,10,15
672,1115,2016,3,10,16
840,1373,2016,3,10,17
733,1294,2016,3,10,18
803,1380,2016,3,10,19
778,1314,2016,3,10,20
812,1331,2016,3,10,21
804,1314,2016,3,10,22
544,901,2016,3,10,23
150,268,2016,3,11,0
45,75,2016,3,11,1
2,2,2016,3,11,2
6,9,2016,3,11,4
13,20,2016,3,11,5
24,42,2016,3,11,6
195,320,2016,3,11,7
402,718,2016,3,11,8
408,720,2016,3,11,9
512,867,2016,3,11,10
560,1037,2016,3,11,11
411,726,2016,3,11,12
567,987,2016,3,11,13
722,1281,2016,3,11,14
670,1135,2016,3,11,15
641,1046,2016,3,11,16
766,1312,2016,3,11,17
734,1289,2016,3,11,18
582,992,2016,3,11,19
704,1253,2016,3,11,20
629,1121,2016,3,11,21
589,1003,2016,3,11,22
738,1268,2016,3,11,23
267,433,2016,3,12,0
53,100,2016,3,12,1
39,75,2016,3,12,2
2,2,2016,3,12,3
3,5,2016,3,12,4
8,18,2016,3,12,5
17,25,2016,3,12,6
41,72,2016,3,12,7
136,231,2016,3,12,8
201,341,2016,3,12,9
417,696,2016,3,12,10
307,605,2016,3,12,11
264,476,2016,3,12,12
340,624,2016,3,12,13
329,577,2016,3,12,14
468,833,2016,3,12,15
396,758,2016,3,12,16
381,689,2016,3,12,17
398,731,2016,3,12,18
280,536,2016,3,12,19
305,550,2016,3,12,20
305,534,2016,3,12,21
380,681,2016,3,12,22
333,557,2016,3,12,23
87,150,2016,3,13,0
3,3,2016,3,13,1
4,8,2016,3,13,3
13,24,2016,3,13,4
5,5,2016,3,13,5
23,31,2016,3,13,6
49,59,2016,3,13,7
142,246,2016,3,13,8
273,476,2016,3,13,9
497,911,2016,3,13,10
310,560,2016,3,13,11
542,1006,2016,3,13,12
437,806,2016,3,13,13
785,1311,2016,3,13,14
665,1168,2016,3,13,15
814,1395,2016,3,13,16
843,1493,2016,3,13,17
836,1410,2016,3,13,18
817,1376,2016,3,13,19
961,1627,2016,3,13,20
981,1592,2016,3,13,21
858,1405,2016,3,13,22
884,1398,2016,3,13,23
403,663,2016,3,14,0
51,78,2016,3,14,1
4,5,2016,3,14,4
14,15,2016,3,14,5
97,148,2016,3,14,6
338,584,2016,3,14,7
624,1057,2016,3,14,8
814,1324,2016,3,14,9
812,1313,2016,3,14,10
828,1452,2016,3,14,11
442,740,2016,3,14,12
696,1213,2016,3,14,13
643,1097,2016,3,14,14
700,1138,2016,3,14,15
475,787,2016,3,14,16
583,1018,2016,3,14,17
759,1371,2016,3,14,18
588,998,2016,3,14,19
721,1274,2016,3,14,20
541,900,2016,3,14,21
668,1108,2016,3,14,22
986,1681,2016,3,14,23
886,1557,2016,3,15,0
299,491,2016,3,15,1
3,8,2016,3,15,2
2,2,2016,3,15,3
3,6,2016,3,15,4
10,13,2016,3,15,5
26,45,2016,3,15,6
278,470,2016,3,15,7
445,792,2016,3,15,8
637,1113,2016,3,15,9
635,1103,2016,3,15,10
711,1236,2016,3,15,11
536,891,2016,3,15,12
584,966,2016,3,15,13
655,1171,2016,3,15,14
558,928,2016,3,15,15
680,1118,2016,3,15,16
667,1136,2016,3,15,17
698,1251,2016,3,15,18
724,1233,2016,3,15,19
642,1069,2016,3,15,20
558,935,2016,3,15,21
764,1308,2016,3,15,22
678,1181,2016,3,15,23
174,294,2016,3,16,0
3,4,2016,3,16,1
1,1,2016,3,16,2
2,6,2016,3,16,3
8,16,2016,3,16,4
20,25,2016,3,16,5
15,23,2016,3,16,6
235,380,2016,3,16,7
427,728,2016,3,16,8
635,1067,2016,3,16,9
720,1229,2016,3,16,10
695,1261,2016,3,16,11
520,905,2016,3,16,12
563,983,2016,3,16,13
527,883,2016,3,16,14
689,1165,2016,3,16,15
726,1221,2016,3,16,16
747,1307,2016,3,16,17
654,1125,2016,3,16,18
612,1005,2016,3,16,19
743,1281,2016,3,16,20
843,1361,2016,3,16,21
616,1065,2016,3,16,22
842,1384,2016,3,16,23
232,386,2016,3,17,0
21,40,2016,3,17,1
3,8,2016,3,17,2
2,3,2016,3,17,3
2,2,2016,3,17,4
11,28,2016,3,17,5
45,61,2016,3,17,6
228,373,2016,3,17,7
351,624,2016,3,17,8
528,924,2016,3,17,9
621,1003,2016,3,17,10
619,1091,2016,3,17,11
448,779,2016,3,17,12
523,876,2016,3,17,13
626,1081,2016,3,17,14
587,1049,2016,3,17,15
607,1001,2016,3,17,16
601,1057,2016,3,17,17
574,1015,2016,3,17,18
711,1171,2016,3,17,19
883,1463,2016,3,17,20
913,1530,2016,3,17,21
990,1639,2016,3,17,22
812,1361,2016,3,17,23
279,535,2016,3,18,0
73,128,2016,3,18,1
3,4,2016,3,18,3
11,12,2016,3,18,4
16,26,2016,3,18,5
37,59,2016,3,18,6
204,382,2016,3,18,7
422,709,2016,3,18,8
489,828,2016,3,18,9
562,1034,2016,3,18,10
555,955,2016,3,18,11
468,838,2016,3,18,12
552,915,2016,3,18,13
633,1106,2016,3,18,14
422,704,2016,3,18,15
597,970,2016,3,18,16
694,1200,2016,3,18,17
795,1435,2016,3,18,18
663,1274,2016,3,18,19
673,1118,2016,3,18,20
698,1219,2016,3,18,21
684,1174,2016,3,18,22
667,1169,2016,3,18,23
262,459,2016,3,19,0
39,67,2016,3,19,1
5,5,2016,3,19,2
1,1,2016,3,19,3
2,3,2016,3,19,4
15,25,2016,3,19,5
28,40,2016,3,19,6
40,61,2016,3,19,7
177,334,2016,3,19,8
286,524,2016,3,19,9
315,574,2016,3,19,10
454,810,2016,3,19,11
234,390,2016,3,19,12
393,675,2016,3,19,13
363,690,2016,3,19,14
372,645,2016,3,19,15
369,655,2016,3,19,16
418,747,2016,3,19,17
389,700,2016,3,19,18
279,472,2016,3,19,19
290,537,2016,3,19,20
350,599,2016,3,19,21
331,559,2016,3,19,22
423,718,2016,3,19,23
236,419,2016,3,20,0
18,21,2016,3,20,1
30,48,2016,3,20,2
3,8,2016,3,20,3
10,13,2016,3,20,4
6,11,2016,3,20,5
30,55,2016,3,20,6
61,97,2016,3,20,7
167,284,2016,3,20,8
279,458,2016,3,20,9
476,830,2016,3,20,10
365,598,2016,3,20,11
525,881,2016,3,20,12
473,804,2016,3,20,13
551,892,2016,3,20,14
713,1154,2016,3,20,15
741,1235,2016,3,20,16
869,1521,2016,3,20,17
849,1405,2016,3,20,18
706,1144,2016,3,20,19
890,1514,2016,3,20,20
737,1272,2016,3,20,21
978,1603,2016,3,20,22
638,1037,2016,3,20,23
384,647,2016,3,21,0
47,70,2016,3,21,1
6,7,2016,3,21,2
3,3,2016,3,21,3
16,28,2016,3,21,4
20,38,2016,3,21,5
106,176,2016,3,21,6
240,407,2016,3,21,7
622,1067,2016,3,21,8
795,1332,2016,3,21,9
836,1391,2016,3,21,10
681,1121,2016,3,21,11
698,1301,2016,3,21,12
622,1108,2016,3,21,13
649,1117,2016,3,21,14
523,908,2016,3,21,15
588,984,2016,3,21,16
681,1176,2016,3,21,17
608,1079,2016,3,21,18
528,859,2016,3,21,19
585,967,2016,3,21,20
632,1119,2016,3,21,21
647,1018,2016,3,21,22
902,1540,2016,3,21,23
822,1437,2016,3,22,0
97,197,2016,3,22,1
5,6,2016,3,22,2
4,5,2016,3,22,4
11,20,2016,3,22,5
18,33,2016,3,22,6
307,499,2016,3,22,7
394,677,2016,3,22,8
670,1185,2016,3,22,9
759,1306,2016,3,22,10
615,1062,2016,3,22,11
481,853,2016,3,22,12
435,860,2016,3,22,13
523,967,2016,3,22,14
577,997,2016,3,22,15
641,1085,2016,3,22,16
638,1073,2016,3,22,17
656,1117,2016,3,22,18
648,1093,2016,3,22,19
584,1003,2016,3,22,20
706,1213,2016,3,22,21
538,898,2016,3,22,22
483,832,2016,3,22,23
116,211,2016,3,23,0
5,6,2016,3,23,1
7,12,2016,3,23,2
8,10,2016,3,23,4
8,8,2016,3,23,5
29,64,2016,3,23,6
283,474,2016,3,23,7
335,554,2016,3,23,8
574,957,2016,3,23,9
646,1122,2016,3,23,10
561,992,2016,3,23,11
470,800,2016,3,23,12
451,746,2016,3,23,13
499,904,2016,3,23,14
542,901,2016,3,23,15
605,1024,2016,3,23,16
702,1174,2016,3,23,17
562,963,2016,3,23,18
702,1197,2016,3,23,19
650,1129,2016,3,23,20
660,1113,2016,3,23,21
657,1104,2016,3,23,22
427,749,2016,3,23,23
151,274,2016,3,24,0
4,9,2016,3,24,1
1,1,2016,3,24,2
2,2,2016,3,24,3
12,26,2016,3,24,4
22,31,2016,3,24,5
28,45,2016,3,24,6
213,354,2016,3,24,7
314,538,2016,3,24,8
509,933,2016,3,24,9
555,1020,2016,3,24,10
540,1020,2016,3,24,11
465,823,2016,3,24,12
440,729,2016,3,24,13
616,1121,2016,3,24,14
599,1045,2016,3,24,15
740,1249,2016,3,24,16
747,1332,2016,3,24,17
540,927,2016,3,24,18
600,1113,2016,3,24,19
637,1068,2016,3,24,20
580,1044,2016,3,24,21
708,1187,2016,3,24,22
762,1336,2016,3,24,23
591,1051,2016,3,25,0
512,935,2016,3,25,1
196,315,2016,3,25,2
38,53,2016,3,25,3
35,60,2016,3,25,4
25,47,2016,3,25,5
25,53,2016,3,25,6
163,270,2016,3,25,7
346,604,2016,3,25,8
365,690,2016,3,25,9
419,754,2016,3,25,10
589,1070,2016,3,25,11
577,1093,2016,3,25,12
480,939,2016,3,25,13
596,1103,2016,3,25,14
589,1028,2016,3,25,15
658,1194,2016,3,25,16
600,1115,2016,3,25,17
573,1040,2016,3,25,18
538,929,2016,3,25,19
516,878,2016,3,25,20
528,945,2016,3,25,21
507,935,2016,3,25,22
502,903,2016,3,25,23
120,207,2016,3,26,0
44,76,2016,3,26,1
1,1,2016,3,26,2
7,10,2016,3,26,3
6,7,2016,3,26,4
5,5,2016,3,26,5
19,39,2016,3,26,6
42,65,2016,3,26,7
141,249,2016,3,26,8
173,308,2016,3,26,9
332,625,2016,3,26,10
305,541,2016,3,26,11
261,474,2016,3,26,12
273,487,2016,3,26,13
277,489,2016,3,26,14
315,561,2016,3,26,15
218,417,2016,3,26,16
311,559,2016,3,26,17
290,533,2016,3,26,18
189,342,2016,3,26,19
232,387,2016,3,26,20
204,348,2016,3,26,21
209,381,2016,3,26,22
263,461,2016,3,26,23
192,377,2016,3,27,0
31,46,2016,3,27,1
3,3,2016,3,27,2
1,1,2016,3,27,3
7,10,2016,3,27,4
13,25,2016,3,27,5
32,46,2016,3,27,6
45,62,2016,3,27,7
131,239,2016,3,27,8
204,335,2016,3,27,9
403,763,2016,3,27,10
333,636,2016,3,27,11
420,785,2016,3,27,12
426,750,2016,3,27,13
504,982,2016,3,27,14
615,1038,2016,3,27,15
636,1188,2016,3,27,16
826,1429,2016,3,27,17
781,1342,2016,3,27,18
923,1573,2016,3,27,19
895,1482,2016,3,27,20
978,1645,2016,3,27,21
979,1639,2016,3,27,22
855,1409,2016,3,27,23
400,642,2016,3,28,0
32,45,2016,3,28,1
37,62,2016,3,28,2
3,3,2016,3,28,3
9,11,2016,3,28,4
8,14,2016,3,28,5
77,130,2016,3,28,6
391,620,2016,3,28,7
594,1022,2016,3,28,8
847,1459,2016,3,28,9
706,1215,2016,3,28,10
879,1505,2016,3,28,11
672,1183,2016,3,28,12
520,906,2016,3,28,13
594,1003,2016,3,28,14
593,1045,2016,3,28,15
551,916,2016,3,28,16
731,1268,2016,3,28,17
553,935,2016,3,28,18
646,1089,2016,3,28,19
756,1293,2016,3,28,20
520,829,2016,3,28,21
580,975,2016,3,28,22
818,1382,2016,3,28,23
832,1525,2016,3,29,0
754,1306,2016,3,29,1
98,164,2016,3,29,2
3,3,2016,3,29,3
5,7,2016,3,29,4
13,36,2016,3,29,5
22,41,2016,3,29,6
308,518,2016,3,29,7
383,663,2016,3,29,8
600,1056,2016,3,29,9
581,979,2016,3,29,10
592,1056,2016,3,29,11
657,1071,2016,3,29,12
585,1072,2016,3,29,13
477,847,2016,3,29,14
525,923,2016,3,29,15
572,987,2016,3,29,16
469,810,2016,3,29,17
706,1234,2016,3,29,18
540,905,2016,3,29,19
660,1163,2016,3,29,20
553,907,2016,3,29,21
624,1067,2016,3,29,22
756,1339,2016,3,29,23
619,1111,2016,3,30,0
168,328,2016,3,30,1
26,45,2016,3,30,2
1,1,2016,3,30,3
9,13,2016,3,30,4
11,20,2016,3,30,5
25,41,2016,3,30,6
234,366,2016,3,30,7
420,743,2016,3,30,8
578,1026,2016,3,30,9
699,1277,2016,3,30,10
623,1110,2016,3,30,11
499,905,2016,3,30,12
501,871,2016,3,30,13
456,758,2016,3,30,14
655,1158,2016,3,30,15
620,1046,2016,3,30,16
631,1105,2016,3,30,17
653,1144,2016,3,30,18
626,1120,2016,3,30,19
611,1075,2016,3,30,20
649,1118,2016,3,30,21
588,1016,2016,3,30,22
559,964,2016,3,30,23
275,457,2016,3,31,0
17,33,2016,3,31,1
44,64,2016,3,31,2
3,7,2016,3,31,3
8,11,2016,3,31,4
18,43,2016,3,31,5
34,69,2016,3,31,6
173,274,2016,3,31,7
374,706,2016,3,31,8
475,839,2016,3,31,9
650,1236,2016,3,31,10
563,1042,2016,3,31,11
478,883,2016,3,31,12
515,873,2016,3,31,13
574,1038,2016,3,31,14
669,1132,2016,3,31,15
700,1242,2016,3,31,16
662,1107,2016,3,31,17
766,1332,2016,3,31,18
665,1127,2016,3,31,19
708,1190,2016,3,31,20
822,1388,2016,3,31,21
839,1405,2016,3,31,22
720,1214,2016,3,31,23
211,368,2016,4,1,0
23,41,2016,4,1,1
1,1,2016,4,1,2
3,3,2016,4,1,3
10,11,2016,4,1,4
13,23,2016,4,1,5
36,61,2016,4,1,6
171,294,2016,4,1,7
337,549,2016,4,1,8
433,774,2016,4,1,9
483,909,2016,4,1,10
595,1103,2016,4,1,11
428,807,2016,4,1,12
560,1010,2016,4,1,13
619,1111,2016,4,1,14
603,1065,2016,4,1,15
560,941,2016,4,1,16
670,1204,2016,4,1,17
452,801,2016,4,1,18
341,541,2016,4,1,19
431,708,2016,4,1,20
757,1284,2016,4,1,21
697,1195,2016,4,1,22
693,1172,2016,4,1,23
589,1056,2016,4,2,0
134,224,2016,4,2,1
27,57,2016,4,2,2
35,48,2016,4,2,3
5,8,2016,4,2,4
11,21,2016,4,2,5
14,25,2016,4,2,6
38,54,2016,4,2,7
216,383,2016,4,2,8
214,380,2016,4,2,9
338,575,2016,4,2,10
362,678,2016,4,2,11
249,484,2016,4,2,12
244,451,2016,4,2,13
353,596,2016,4,2,14
368,676,2016,4,2,15
292,502,2016,4,2,16
268,479,2016,4,2,17
475,823,2016,4,2,18
211,376,2016,4,2,19
146,305,2016,4,2,20
261,480,2016,4,2,21
248,439,2016,4,2,22
292,477,2016,4,2,23
246,409,2016,4,3,0
47,81,2016,4,3,1
39,62,2016,4,3,2
3,4,2016,4,3,3
3,3,2016,4,3,4
6,14,2016,4,3,5
20,29,2016,4,3,6
42,74,2016,4,3,7
86,134,2016,4,3,8
288,546,2016,4,3,9
403,696,2016,4,3,10
408,717,2016,4,3,11
375,686,2016,4,3,12
480,821,2016,4,3,13
501,893,2016,4,3,14
544,986,2016,4,3,15
613,1091,2016,4,3,16
634,1158,2016,4,3,17
719,1268,2016,4,3,18
800,1359,2016,4,3,19
786,1353,2016,4,3,20
799,1334,2016,4,3,21
943,1639,2016,4,3,22
1177,1920,2016,4,3,23
1040,1773,2016,4,4,0
119,189,2016,4,4,1
33,60,2016,4,4,2
3,3,2016,4,4,3
1,2,2016,4,4,4
12,13,2016,4,4,5
47,64,2016,4,4,6
331,520,2016,4,4,7
486,839,2016,4,4,8
902,1473,2016,4,4,9
710,1182,2016,4,4,10
813,1400,2016,4,4,11
769,1291,2016,4,4,12
570,992,2016,4,4,13
683,1174,2016,4,4,14
590,1042,2016,4,4,15
682,1196,2016,4,4,16
706,1188,2016,4,4,17
705,1271,2016,4,4,18
562,998,2016,4,4,19
601,1010,2016,4,4,20
628,1053,2016,4,4,21
881,1481,2016,4,4,22
915,1569,2016,4,4,23
517,904,2016,4,5,0
76,135,2016,4,5,1
3,3,2016,4,5,2
2,2,2016,4,5,3
5,5,2016,4,5,4
7,10,2016,4,5,5
34,56,2016,4,5,6
294,473,2016,4,5,7
511,843,2016,4,5,8
660,1105,2016,4,5,9
743,1287,2016,4,5,10
649,1082,2016,4,5,11
554,897,2016,4,5,12
531,908,2016,4,5,13
581,1043,2016,4,5,14
594,995,2016,4,5,15
682,1179,2016,4,5,16
600,1040,2016,4,5,17
691,1148,2016,4,5,18
653,1152,2016,4,5,19
717,1179,2016,4,5,20
748,1236,2016,4,5,21
599,959,2016,4,5,22
489,817,2016,4,5,23
298,536,2016,4,6,0
31,35,2016,4,6,1
1,1,2016,4,6,2
4,8,2016,4,6,4
16,25,2016,4,6,5
23,48,2016,4,6,6
322,532,2016,4,6,7
394,707,2016,4,6,8
564,961,2016,4,6,9
560,983,2016,4,6,10
735,1203,2016,4,6,11
553,915,2016,4,6,12
448,732,2016,4,6,13
576,1023,2016,4,6,14
595,1011,2016,4,6,15
603,1003,2016,4,6,16
736,1236,2016,4,6,17
661,1131,2016,4,6,18
739,1247,2016,4,6,19
631,1072,2016,4,6,20
644,1049,2016,4,6,21
641,1107,2016,4,6,22
560,939,2016,4,6,23
143,225,2016,4,7,0
3,5,2016,4,7,1
1,1,2016,4,7,2
3,11,2016,4,7,3
11,11,2016,4,7,4
12,19,2016,4,7,5
21,41,2016,4,7,6
197,307,2016,4,7,7
356,578,2016,4,7,8
453,796,2016,4,7,9
482,879,2016,4,7,10
627,1082,2016,4,7,11
507,944,2016,4,7,12
469,833,2016,4,7,13
515,973,2016,4,7,14
408,719,2016,4,7,15
600,996,2016,4,7,16
563,1006,2016,4,7,17
658,1171,2016,4,7,18
821,1460,2016,4,7,19
793,1397,2016,4,7,20
861,1418,2016,4,7,21
897,1468,2016,4,7,22
887,1544,2016,4,7,23
750,1321,2016,4,8,0
74,134,2016,4,8,1
22,33,2016,4,8,2
2,4,2016,4,8,3
11,23,2016,4,8,4
23,58,2016,4,8,5
25,30,2016,4,8,6
198,312,2016,4,8,7
361,628,2016,4,8,8
521,892,2016,4,8,9
529,909,2016,4,8,10
755,1341,2016,4,8,11
473,784,2016,4,8,12
621,1104,2016,4,8,13
596,1013,2016,4,8,14
671,1123,2016,4,8,15
621,1054,2016,4,8,16
623,1057,2016,4,8,17
738,1240,2016,4,8,18
735,1247,2016,4,8,19
603,1088,2016,4,8,20
671,1117,2016,4,8,21
732,1221,2016,4,8,22
546,921,2016,4,8,23
139,243,2016,4,9,0
23,32,2016,4,9,1
1,1,2016,4,9,2
2,2,2016,4,9,3
4,6,2016,4,9,4
6,7,2016,4,9,5
13,19,2016,4,9,6
35,51,2016,4,9,7
167,265,2016,4,9,8
192,363,2016,4,9,9
420,736,2016,4,9,10
378,711,2016,4,9,11
274,497,2016,4,9,12
322,562,2016,4,9,13
283,514,2016,4,9,14
354,612,2016,4,9,15
289,517,2016,4,9,16
543,1008,2016,4,9,17
354,660,2016,4,9,18
162,290,2016,4,9,19
205,385,2016,4,9,20
316,563,2016,4,9,21
251,425,2016,4,9,22
309,525,2016,4,9,23
90,153,2016,4,10,0
7,14,2016,4,10,1
13,21,2016,4,10,2
8,15,2016,4,10,4
11,18,2016,4,10,5
16,25,2016,4,10,6
28,42,2016,4,10,7
119,175,2016,4,10,8
278,464,2016,4,10,9
439,781,2016,4,10,10
406,683,2016,4,10,11
568,972,2016,4,10,12
464,800,2016,4,10,13
727,1243,2016,4,10,14
655,1069,2016,4,10,15
790,1374,2016,4,10,16
899,1580,2016,4,10,17
799,1390,2016,4,10,18
808,1334,2016,4,10,19
896,1519,2016,4,10,20
1040,1687,2016,4,10,21
954,1593,2016,4,10,22
819,1361,2016,4,10,23
249,416,2016,4,11,0
125,233,2016,4,11,1
10,16,2016,4,11,2
3,3,2016,4,11,4
7,18,2016,4,11,5
38,54,2016,4,11,6
396,636,2016,4,11,7
613,1001,2016,4,11,8
773,1291,2016,4,11,9
892,1502,2016,4,11,10
710,1187,2016,4,11,11
689,1186,2016,4,11,12
549,936,2016,4,11,13
692,1206,2016,4,11,14
643,1084,2016,4,11,15
651,1108,2016,4,11,16
666,1160,2016,4,11,17
738,1206,2016,4,11,18
659,1112,2016,4,11,19
656,1073,2016,4,11,20
716,1239,2016,4,11,21
713,1170,2016,4,11,22
522,897,2016,4,11,23
257,461,2016,4,12,0
3,3,2016,4,12,1
1,1,2016,4,12,2
1,1,2016,4,12,3
4,8,2016,4,12,4
15,16,2016,4,12,5
29,47,2016,4,12,6
282,464,2016,4,12,7
401,663,2016,4,12,8
544,945,2016,4,12,9
602,1073,2016,4,12,10
550,945,2016,4,12,11
526,919,2016,4,12,12
527,927,2016,4,12,13
551,979,2016,4,12,14
620,1027,2016,4,12,15
577,957,2016,4,12,16
720,1264,2016,4,12,17
617,1072,2016,4,12,18
555,888,2016,4,12,19
648,1087,2016,4,12,20
626,1041,2016,4,12,21
603,1035,2016,4,12,22
498,797,2016,4,12,23
117,216,2016,4,13,0
3,3,2016,4,13,1
68,132,2016,4,13,2
5,6,2016,4,13,3
3,3,2016,4,13,4
7,7,2016,4,13,5
35,44,2016,4,13,6
234,388,2016,4,13,7
442,757,2016,4,13,8
473,801,2016,4,13,9
648,1154,2016,4,13,10
580,1046,2016,4,13,11
494,820,2016,4,13,12
564,955,2016,4,13,13
551,984,2016,4,13,14
576,965,2016,4,13,15
565,907,2016,4,13,16
684,1187,2016,4,13,17
779,1352,2016,4,13,18
715,1219,2016,4,13,19
571,954,2016,4,13,20
752,1217,2016,4,13,21
576,981,2016,4,13,22
509,859,2016,4,13,23
141,229,2016,4,14,0
7,7,2016,4,14,1
3,5,2016,4,14,2
9,11,2016,4,14,4
13,21,2016,4,14,5
36,49,2016,4,14,6
234,382,2016,4,14,7
445,781,2016,4,14,8
618,1083,2016,4,14,9
593,1088,2016,4,14,10
759,1354,2016,4,14,11
653,1189,2016,4,14,12
549,974,2016,4,14,13
645,1104,2016,4,14,14
624,1083,2016,4,14,15
719,1285,2016,4,14,16
788,1355,2016,4,14,17
728,1223,2016,4,14,18
605,1008,2016,4,14,19
792,1347,2016,4,14,20
745,1267,2016,4,14,21
760,1288,2016,4,14,22
552,919,2016,4,14,23
198,294,2016,4,15,0
4,4,2016,4,15,1
4,4,2016,4,15,2
1,1,2016,4,15,3
4,8,2016,4,15,4
9,9,2016,4,15,5
36,51,2016,4,15,6
156,251,2016,4,15,7
408,703,2016,4,15,8
555,978,2016,4,15,9
615,1108,2016,4,15,10
654,1157,2016,4,15,11
517,911,2016,4,15,12
544,927,2016,4,15,13
643,1200,2016,4,15,14
622,1112,2016,4,15,15
736,1244,2016,4,15,16
704,1263,2016,4,15,17
791,1379,2016,4,15,18
737,1276,2016,4,15,19
621,1057,2016,4,15,20
601,1059,2016,4,15,21
589,1012,2016,4,15,22
513,881,2016,4,15,23
230,437,2016,4,16,0
21,37,2016,4,16,1
3,6,2016,4,16,2
3,7,2016,4,16,3
9,17,2016,4,16,4
9,14,2016,4,16,5
13,24,2016,4,16,6
12,16,2016,4,16,7
148,266,2016,4,16,8
226,432,2016,4,16,9
356,646,2016,4,16,10
407,706,2016,4,16,11
347,617,2016,4,16,12
261,467,2016,4,16,13
336,566,2016,4,16,14
364,627,2016,4,16,15
239,402,2016,4,16,16
441,757,2016,4,16,17
267,471,2016,4,16,18
203,346,2016,4,16,19
162,289,2016,4,16,20
306,548,2016,4,16,21
289,500,2016,4,16,22
239,409,2016,4,16,23
103,160,2016,4,17,0
4,6,2016,4,17,1
5,5,2016,4,17,2
5,5,2016,4,17,3
12,25,2016,4,17,4
7,17,2016,4,17,5
7,6,2016,4,17,6
40,56,2016,4,17,7
105,177,2016,4,17,8
319,564,2016,4,17,9
474,752,2016,4,17,10
463,775,2016,4,17,11
513,852,2016,4,17,12
515,897,2016,4,17,13
621,1098,2016,4,17,14
542,985,2016,4,17,15
708,1243,2016,4,17,16
812,1356,2016,4,17,17
791,1308,2016,4,17,18
797,1387,2016,4,17,19
754,1274,2016,4,17,20
848,1387,2016,4,17,21
856,1465,2016,4,17,22
871,1474,2016,4,17,23
402,726,2016,4,18,0
8,12,2016,4,18,1
5,8,2016,4,18,2
2,2,2016,4,18,3
7,8,2016,4,18,4
9,9,2016,4,18,5
25,35,2016,4,18,6
403,619,2016,4,18,7
650,1059,2016,4,18,8
765,1261,2016,4,18,9
694,1183,2016,4,18,10
861,1429,2016,4,18,11
718,1197,2016,4,18,12
508,948,2016,4,18,13
737,1254,2016,4,18,14
633,1070,2016,4,18,15
675,1160,2016,4,18,16
690,1189,2016,4,18,17
763,1328,2016,4,18,18
669,1133,2016,4,18,19
694,1124,2016,4,18,20
721,1159,2016,4,18,21
594,976,2016,4,18,22
666,1114,2016,4,18,23
129,217,2016,4,19,0
3,11,2016,4,19,1
2,3,2016,4,19,2
1,1,2016,4,19,3
9,10,2016,4,19,4
11,26,2016,4,19,5
26,42,2016,4,19,6
286,471,2016,4,19,7
533,955,2016,4,19,8
604,996,2016,4,19,9
761,1207,2016,4,19,10
604,1004,2016,4,19,11
567,938,2016,4,19,12
522,879,2016,4,19,13
578,1007,2016,4,19,14
501,840,2016,4,19,15
629,1005,2016,4,19,16
538,910,2016,4,19,17
737,1251,2016,4,19,18
627,1033,2016,4,19,19
596,1005,2016,4,19,20
674,1111,2016,4,19,21
704,1157,2016,4,19,22
530,954,2016,4,19,23
51,84,2016,4,20,0
4,5,2016,4,20,1
4,8,2016,4,20,2
5,7,2016,4,20,4
8,15,2016,4,20,5
29,50,2016,4,20,6
273,468,2016,4,20,7
442,728,2016,4,20,8
491,811,2016,4,20,9
647,1133,2016,4,20,10
579,976,2016,4,20,11
535,846,2016,4,20,12
529,952,2016,4,20,13
598,1020,2016,4,20,14
615,1092,2016,4,20,15
660,1060,2016,4,20,16
695,1212,2016,4,20,17
608,1014,2016,4,20,18
638,1108,2016,4,20,19
672,1163,2016,4,20,20
772,1263,2016,4,20,21
660,1154,2016,4,20,22
464,740,2016,4,20,23
129,173,2016,4,21,0
4,9,2016,4,21,1
2,3,2016,4,21,3
8,15,2016,4,21,4
24,33,2016,4,21,5
20,31,2016,4,21,6
221,360,2016,4,21,7
408,689,2016,4,21,8
508,890,2016,4,21,9
640,1146,2016,4,21,10
586,990,2016,4,21,11
606,1053,2016,4,21,12
492,829,2016,4,21,13
607,1014,2016,4,21,14
636,1095,2016,4,21,15
693,1115,2016,4,21,16
614,1071,2016,4,21,17
744,1227,2016,4,21,18
592,960,2016,4,21,19
666,1161,2016,4,21,20
590,980,2016,4,21,21
809,1348,2016,4,21,22
583,951,2016,4,21,23
165,260,2016,4,22,0
1,1,2016,4,22,1
2,2,2016,4,22,2
4,5,2016,4,22,4
17,30,2016,4,22,5
17,27,2016,4,22,6
172,276,2016,4,22,7
342,558,2016,4,22,8
479,862,2016,4,22,9
555,972,2016,4,22,10
524,945,2016,4,22,11
529,943,2016,4,22,12
506,882,2016,4,22,13
676,1167,2016,4,22,14
586,975,2016,4,22,15
637,1107,2016,4,22,16
647,1098,2016,4,22,17
685,1168,2016,4,22,18
629,1081,2016,4,22,19
557,953,2016,4,22,20
658,1189,2016,4,22,21
554,932,2016,4,22,22
475,833,2016,4,22,23
95,166,2016,4,23,0
4,13,2016,4,23,1
4,5,2016,4,23,2
3,3,2016,4,23,3
4,7,2016,4,23,4
4,5,2016,4,23,5
14,20,2016,4,23,6
34,62,2016,4,23,7
127,227,2016,4,23,8
211,370,2016,4,23,9
351,635,2016,4,23,10
350,623,2016,4,23,11
351,598,2016,4,23,12
335,609,2016,4,23,13
294,523,2016,4,23,14
344,604,2016,4,23,15
246,416,2016,4,23,16
449,781,2016,4,23,17
222,414,2016,4,23,18
156,242,2016,4,23,19
183,291,2016,4,23,20
251,453,2016,4,23,21
241,402,2016,4,23,22
217,327,2016,4,23,23
71,114,2016,4,24,0
3,5,2016,4,24,1
2,2,2016,4,24,2
3,3,2016,4,24,3
4,4,2016,4,24,4
6,6,2016,4,24,5
15,33,2016,4,24,6
31,45,2016,4,24,7
134,221,2016,4,24,8
241,432,2016,4,24,9
380,642,2016,4,24,10
429,732,2016,4,24,11
525,922,2016,4,24,12
475,774,2016,4,24,13
637,1113,2016,4,24,14
663,1141,2016,4,24,15
715,1268,2016,4,24,16
798,1411,2016,4,24,17
787,1329,2016,4,24,18
848,1464,2016,4,24,19
825,1361,2016,4,24,20
899,1514,2016,4,24,21
853,1435,2016,4,24,22
913,1495,2016,4,24,23
200,358,2016,4,25,0
1,2,2016,4,25,1
1,1,2016,4,25,2
2,2,2016,4,25,3
9,11,2016,4,25,4
19,28,2016,4,25,5
30,42,2016,4,25,6
393,604,2016,4,25,7
730,1176,2016,4,25,8
788,1302,2016,4,25,9
836,1366,2016,4,25,10
794,1323,2016,4,25,11
674,1210,2016,4,25,12
571,1001,2016,4,25,13
714,1209,2016,4,25,14
710,1218,2016,4,25,15
692,1197,2016,4,25,16
657,1125,2016,4,25,17
670,1127,2016,4,25,18
677,1114,2016,4,25,19
662,1088,2016,4,25,20
733,1227,2016,4,25,21
665,1107,2016,4,25,22
709,1153,2016,4,25,23
121,215,2016,4,26,0
3,3,2016,4,26,1
1,1,2016,4,26,2
1,1,2016,4,26,3
4,4,2016,4,26,4
20,24,2016,4,26,5
42,57,2016,4,26,6
316,536,2016,4,26,7
438,724,2016,4,26,8
671,1130,2016,4,26,9
575,1001,2016,4,26,10
588,959,2016,4,26,11
557,922,2016,4,26,12
599,1072,2016,4,26,13
576,997,2016,4,26,14
475,778,2016,4,26,15
372,644,2016,4,26,16
412,708,2016,4,26,17
603,1047,2016,4,26,18
513,924,2016,4,26,19
683,1179,2016,4,26,20
759,1205,2016,4,26,21
719,1202,2016,4,26,22
752,1204,2016,4,26,23
469,794,2016,4,27,0
109,179,2016,4,27,1
1,1,2016,4,27,2
2,2,2016,4,27,3
3,4,2016,4,27,4
13,16,2016,4,27,5
40,56,2016,4,27,6
276,465,2016,4,27,7
396,702,2016,4,27,8
628,1074,2016,4,27,9
632,1088,2016,4,27,10
617,1054,2016,4,27,11
497,864,2016,4,27,12
576,1014,2016,4,27,13
558,976,2016,4,27,14
524,892,2016,4,27,15
585,958,2016,4,27,16
694,1212,2016,4,27,17
705,1223,2016,4,27,18
726,1244,2016,4,27,19
651,1085,2016,4,27,20
696,1224,2016,4,27,21
662,1158,2016,4,27,22
539,933,2016,4,27,23
184,335,2016,4,28,0
2,6,2016,4,28,1
1,1,2016,4,28,2
3,5,2016,4,28,3
10,17,2016,4,28,4
10,11,2016,4,28,5
38,64,2016,4,28,6
240,402,2016,4,28,7
384,629,2016,4,28,8
553,977,2016,4,28,9
675,1182,2016,4,28,10
635,1184,2016,4,28,11
606,1075,2016,4,28,12
556,1010,2016,4,28,13
567,1014,2016,4,28,14
582,946,2016,4,28,15
756,1234,2016,4,28,16
711,1258,2016,4,28,17
706,1225,2016,4,28,18
781,1372,2016,4,28,19
713,1223,2016,4,28,20
745,1264,2016,4,28,21
729,1286,2016,4,28,22
729,1262,2016,4,28,23
314,526,2016,4,29,0
4,4,2016,4,29,1
1,1,2016,4,29,2
6,6,2016,4,29,4
14,19,2016,4,29,5
20,29,2016,4,29,6
195,333,2016,4,29,7
378,692,2016,4,29,8
553,1038,2016,4,29,9
574,1058,2016,4,29,10
582,1059,2016,4,29,11
508,963,2016,4,29,12
523,947,2016,4,29,13
669,1147,2016,4,29,14
573,990,2016,4,29,15
692,1189,2016,4,29,16
694,1184,2016,4,29,17
738,1318,2016,4,29,18
610,1106,2016,4,29,19
655,1144,2016,4,29,20
606,1048,2016,4,29,21
554,994,2016,4,29,22
528,930,2016,4,29,23
191,339,2016,4,30,0
3,3,2016,4,30,1
2,2,2016,4,30,2
7,10,2016,4,30,4
11,12,2016,4,30,5
17,32,2016,4,30,6
34,53,2016,4,30,7
145,250,2016,4,30,8
268,488,2016,4,30,9
472,919,2016,4,30,10
343,608,2016,4,30,11
408,731,2016,4,30,12
395,725,2016,4,30,13
318,610,2016,4,30,14
430,790,2016,4,30,15
345,651,2016,4,30,16
487,912,2016,4,30,17
311,632,2016,4,30,18
245,459,2016,4,30,19
189,342,2016,4,30,20
264,443,2016,4,30,21
313,551,2016,4,30,22
252,463,2016,4,30,23
160,275,2016,5,1,0
13,37,2016,5,1,1
7,15,2016,5,1,2
2,2,2016,5,1,3
11,26,2016,5,1,4
11,18,2016,5,1,5
11,13,2016,5,1,6
26,32,2016,5,1,7
174,287,2016,5,1,8
303,525,2016,5,1,9
519,902,2016,5,1,10
557,981,2016,5,1,11
641,1155,2016,5,1,12
515,987,2016,5,1,13
652,1093,2016,5,1,14
695,1231,2016,5,1,15
566,1034,2016,5,1,16
700,1225,2016,5,1,17
784,1352,2016,5,1,18
742,1272,2016,5,1,19
687,1197,2016,5,1,20
795,1283,2016,5,1,21
835,1361,2016,5,1,22
901,1508,2016,5,1,23
686,1143,2016,5,2,0
115,185,2016,5,2,1
2,3,2016,5,2,2
1,5,2016,5,2,3
5,5,2016,5,2,4
7,8,2016,5,2,5
41,63,2016,5,2,6
361,601,2016,5,2,7
634,1052,2016,5,2,8
846,1499,2016,5,2,9
817,1420,2016,5,2,10
821,1367,2016,5,2,11
727,1249,2016,5,2,12
710,1264,2016,5,2,13
724,1255,2016,5,2,14
705,1166,2016,5,2,15
758,1285,2016,5,2,16
773,1302,2016,5,2,17
786,1359,2016,5,2,18
719,1196,2016,5,2,19
743,1315,2016,5,2,20
694,1190,2016,5,2,21
842,1428,2016,5,2,22
620,1059,2016,5,2,23
296,483,2016,5,3,0
57,101,2016,5,3,1
1,1,2016,5,3,2
1,1,2016,5,3,4
10,17,2016,5,3,5
21,40,2016,5,3,6
283,461,2016,5,3,7
567,915,2016,5,3,8
652,1127,2016,5,3,9
725,1232,2016,5,3,10
529,900,2016,5,3,11
718,1182,2016,5,3,12
637,1110,2016,5,3,13
637,1080,2016,5,3,14
625,1043,2016,5,3,15
622,1062,2016,5,3,16
718,1209,2016,5,3,17
649,1133,2016,5,3,18
670,1159,2016,5,3,19
633,1023,2016,5,3,20
705,1213,2016,5,3,21
604,1009,2016,5,3,22
574,1031,2016,5,3,23
371,682,2016,5,4,0
68,115,2016,5,4,1
1,2,2016,5,4,3
5,5,2016,5,4,4
12,22,2016,5,4,5
34,62,2016,5,4,6
360,634,2016,5,4,7
471,811,2016,5,4,8
644,1106,2016,5,4,9
734,1277,2016,5,4,10
632,1081,2016,5,4,11
598,995,2016,5,4,12
526,939,2016,5,4,13
633,1066,2016,5,4,14
622,1045,2016,5,4,15
577,941,2016,5,4,16
633,1114,2016,5,4,17
691,1211,2016,5,4,18
732,1257,2016,5,4,19
679,1187,2016,5,4,20
642,1090,2016,5,4,21
697,1156,2016,5,4,22
599,1008,2016,5,4,23
317,502,2016,5,5,0
137,264,2016,5,5,1
30,38,2016,5,5,2
2,4,2016,5,5,3
2,7,2016,5,5,4
11,22,2016,5,5,5
11,23,2016,5,5,6
247,405,2016,5,5,7
389,670,2016,5,5,8
485,871,2016,5,5,9
679,1151,2016,5,5,10
582,1017,2016,5,5,11
625,1067,2016,5,5,12
587,1022,2016,5,5,13
693,1239,2016,5,5,14
657,1098,2016,5,5,15
556,872,2016,5,5,16
649,1174,2016,5,5,17
656,1102,2016,5,5,18
732,1282,2016,5,5,19
733,1251,2016,5,5,20
784,1306,2016,5,5,21
780,1277,2016,5,5,22
804,1329,2016,5,5,23
586,990,2016,5,6,0
9,18,2016,5,6,1
5,5,2016,5,6,2
5,12,2016,5,6,3
9,14,2016,5,6,4
16,18,2016,5,6,5
19,32,2016,5,6,6
134,211,2016,5,6,7
300,497,2016,5,6,8
392,694,2016,5,6,9
532,904,2016,5,6,10
510,881,2016,5,6,11
567,1017,2016,5,6,12
464,823,2016,5,6,13
609,1099,2016,5,6,14
712,1230,2016,5,6,15
677,1143,2016,5,6,16
712,1261,2016,5,6,17
689,1153,2016,5,6,18
705,1231,2016,5,6,19
592,983,2016,5,6,20
641,1094,2016,5,6,21
603,1050,2016,5,6,22
650,1107,2016,5,6,23
581,1047,2016,5,7,0
281,508,2016,5,7,1
14,24,2016,5,7,2
3,3,2016,5,7,3
5,14,2016,5,7,4
12,14,2016,5,7,5
12,21,2016,5,7,6
40,71,2016,5,7,7
108,194,2016,5,7,8
263,476,2016,5,7,9
388,733,2016,5,7,10
289,501,2016,5,7,11
371,665,2016,5,7,12
310,548,2016,5,7,13
332,574,2016,5,7,14
327,589,2016,5,7,15
352,593,2016,5,7,16
431,734,2016,5,7,17
326,595,2016,5,7,18
171,332,2016,5,7,19
260,434,2016,5,7,20
267,475,2016,5,7,21
267,513,2016,5,7,22
216,370,2016,5,7,23
145,257,2016,5,8,0
1,5,2016,5,8,1
6,10,2016,5,8,2
3,3,2016,5,8,3
5,5,2016,5,8,4
5,5,2016,5,8,5
9,11,2016,5,8,6
38,59,2016,5,8,7
113,185,2016,5,8,8
256,462,2016,5,8,9
456,817,2016,5,8,10
431,758,2016,5,8,11
460,766,2016,5,8,12
484,825,2016,5,8,13
533,956,2016,5,8,14
639,1079,2016,5,8,15
698,1196,2016,5,8,16
733,1334,2016,5,8,17
823,1443,2016,5,8,18
795,1347,2016,5,8,19
847,1368,2016,5,8,20
872,1429,2016,5,8,21
857,1437,2016,5,8,22
901,1448,2016,5,8,23
375,587,2016,5,9,0
81,142,2016,5,9,1
1,1,2016,5,9,2
5,10,2016,5,9,3
5,7,2016,5,9,4
8,13,2016,5,9,5
39,67,2016,5,9,6
418,695,2016,5,9,7
732,1269,2016,5,9,8
787,1329,2016,5,9,9
814,1313,2016,5,9,10
885,1475,2016,5,9,11
702,1175,2016,5,9,12
632,1050,2016,5,9,13
667,1159,2016,5,9,14
783,1357,2016,5,9,15
769,1316,2016,5,9,16
759,1311,2016,5,9,17
834,1368,2016,5,9,18
777,1300,2016,5,9,19
726,1176,2016,5,9,20
764,1279,2016,5,9,21
714,1185,2016,5,9,22
718,1166,2016,5,9,23
140,234,2016,5,10,0
3,3,2016,5,10,1
1,2,2016,5,10,3
5,9,2016,5,10,4
10,12,2016,5,10,5
47,87,2016,5,10,6
390,647,2016,5,10,7
491,898,2016,5,10,8
647,1130,2016,5,10,9
788,1312,2016,5,10,10
577,986,2016,5,10,11
568,966,2016,5,10,12
482,816,2016,5,10,13
687,1121,2016,5,10,14
638,1033,2016,5,10,15
589,1018,2016,5,10,16
724,1282,2016,5,10,17
786,1409,2016,5,10,18
719,1221,2016,5,10,19
674,1119,2016,5,10,20
658,1095,2016,5,10,21
586,985,2016,5,10,22
556,899,2016,5,10,23
167,294,2016,5,11,0
5,19,2016,5,11,1
2,7,2016,5,11,2
3,3,2016,5,11,4
13,22,2016,5,11,5
30,36,2016,5,11,6
333,548,2016,5,11,7
428,740,2016,5,11,8
577,1020,2016,5,11,9
645,1130,2016,5,11,10
589,913,2016,5,11,11
610,1052,2016,5,11,12
567,992,2016,5,11,13
616,1014,2016,5,11,14
657,1118,2016,5,11,15
739,1241,2016,5,11,16
681,1174,2016,5,11,17
709,1143,2016,5,11,18
672,1141,2016,5,11,19
724,1246,2016,5,11,20
608,1003,2016,5,11,21
721,1288,2016,5,11,22
538,949,2016,5,11,23
182,314,2016,5,12,0
4,5,2016,5,12,1
3,4,2016,5,12,2
1,1,2016,5,12,3
8,13,2016,5,12,4
17,23,2016,5,12,5
19,31,2016,5,12,6
256,432,2016,5,12,7
430,669,2016,5,12,8
560,978,2016,5,12,9
739,1366,2016,5,12,10
635,1108,2016,5,12,11
609,1056,2016,5,12,12
558,979,2016,5,12,13
737,1260,2016,5,12,14
613,1009,2016,5,12,15
759,1259,2016,5,12,16
781,1356,2016,5,12,17
789,1414,2016,5,12,18
741,1277,2016,5,12,19
641,1099,2016,5,12,20
801,1320,2016,5,12,21
632,1077,2016,5,12,22
716,1197,2016,5,12,23
322,538,2016,5,13,0
54,82,2016,5,13,1
2,2,2016,5,13,2
2,2,2016,5,13,3
5,8,2016,5,13,4
10,11,2016,5,13,5
23,55,2016,5,13,6
158,275,2016,5,13,7
381,645,2016,5,13,8
479,846,2016,5,13,9
620,1098,2016,5,13,10
691,1230,2016,5,13,11
552,1026,2016,5,13,12
601,1074,2016,5,13,13
671,1193,2016,5,13,14
698,1144,2016,5,13,15
545,947,2016,5,13,16
653,1118,2016,5,13,17
714,1246,2016,5,13,18
745,1357,2016,5,13,19
709,1214,2016,5,13,20
678,1131,2016,5,13,21
780,1330,2016,5,13,22
619,1025,2016,5,13,23
155,262,2016,5,14,0
39,58,2016,5,14,1
3,3,2016,5,14,2
1,2,2016,5,14,3
5,10,2016,5,14,4
6,6,2016,5,14,5
16,28,2016,5,14,6
37,57,2016,5,14,7
216,370,2016,5,14,8
275,548,2016,5,14,9
438,807,2016,5,14,10
431,758,2016,5,14,11
365,652,2016,5,14,12
413,761,2016,5,14,13
399,737,2016,5,14,14
469,803,2016,5,14,15
458,788,2016,5,14,16
501,922,2016,5,14,17
432,778,2016,5,14,18
328,608,2016,5,14,19
171,313,2016,5,14,20
362,616,2016,5,14,21
326,559,2016,5,14,22
366,617,2016,5,14,23
74,139,2016,5,15,0
65,117,2016,5,15,1
12,24,2016,5,15,2
4,7,2016,5,15,3
9,26,2016,5,15,4
3,9,2016,5,15,5
16,25,2016,5,15,6
17,26,2016,5,15,7
206,375,2016,5,15,8
298,523,2016,5,15,9
550,949,2016,5,15,10
579,1014,2016,5,15,11
599,1056,2016,5,15,12
710,1268,2016,5,15,13
741,1303,2016,5,15,14
722,1263,2016,5,15,15
760,1318,2016,5,15,16
834,1412,2016,5,15,17
820,1391,2016,5,15,18
765,1276,2016,5,15,19
785,1316,2016,5,15,20
910,1504,2016,5,15,21
937,1557,2016,5,15,22
855,1378,2016,5,15,23
371,599,2016,5,16,0
86,144,2016,5,16,1
1,1,2016,5,16,3
11,15,2016,5,16,4
16,19,2016,5,16,5
22,37,2016,5,16,6
401,649,2016,5,16,7
746,1239,2016,5,16,8
883,1465,2016,5,16,9
949,1563,2016,5,16,10
807,1347,2016,5,16,11
742,1272,2016,5,16,12
674,1191,2016,5,16,13
641,1125,2016,5,16,14
592,1021,2016,5,16,15
719,1201,2016,5,16,16
711,1212,2016,5,16,17
636,1119,2016,5,16,18
635,1102,2016,5,16,19
707,1205,2016,5,16,20
715,1226,2016,5,16,21
789,1356,2016,5,16,22
804,1352,2016,5,16,23
773,1291,2016,5,17,0
125,212,2016,5,17,1
4,4,2016,5,17,2
1,1,2016,5,17,3
6,12,2016,5,17,4
9,9,2016,5,17,5
39,73,2016,5,17,6
370,584,2016,5,17,7
486,837,2016,5,17,8
803,1350,2016,5,17,9
856,1540,2016,5,17,10
746,1294,2016,5,17,11
655,1147,2016,5,17,12
594,1012,2016,5,17,13
684,1245,2016,5,17,14
705,1186,2016,5,17,15
728,1190,2016,5,17,16
851,1516,2016,5,17,17
825,1430,2016,5,17,18
689,1154,2016,5,17,19
711,1192,2016,5,17,20
712,1188,2016,5,17,21
728,1197,2016,5,17,22
667,1205,2016,5,17,23
152,241,2016,5,18,0
9,11,2016,5,18,1
1,1,2016,5,18,2
1,1,2016,5,18,3
2,2,2016,5,18,4
23,32,2016,5,18,5
35,58,2016,5,18,6
320,490,2016,5,18,7
511,903,2016,5,18,8
630,1051,2016,5,18,9
704,1202,2016,5,18,10
763,1264,2016,5,18,11
657,1058,2016,5,18,12
584,1032,2016,5,18,13
728,1225,2016,5,18,14
630,1081,2016,5,18,15
780,1332,2016,5,18,16
790,1419,2016,5,18,17
812,1370,2016,5,18,18
682,1185,2016,5,18,19
647,1103,2016,5,18,20
791,1322,2016,5,18,21
591,935,2016,5,18,22
624,1067,2016,5,18,23
231,380,2016,5,19,0
27,47,2016,5,19,1
1,1,2016,5,19,3
9,18,2016,5,19,4
15,24,2016,5,19,5
18,26,2016,5,19,6
303,503,2016,5,19,7
377,623,2016,5,19,8
650,1127,2016,5,19,9
755,1326,2016,5,19,10
691,1216,2016,5,19,11
592,1064,2016,5,19,12
585,969,2016,5,19,13
715,1235,2016,5,19,14
664,1111,2016,5,19,15
766,1335,2016,5,19,16
751,1250,2016,5,19,17
759,1259,2016,5,19,18
777,1320,2016,5,19,19
777,1276,2016,5,19,20
784,1257,2016,5,19,21
659,1138,2016,5,19,22
689,1105,2016,5,19,23
169,301,2016,5,20,0
20,35,2016,5,20,1
1,1,2016,5,20,2
2,2,2016,5,20,3
10,14,2016,5,20,4
20,32,2016,5,20,5
26,37,2016,5,20,6
206,326,2016,5,20,7
399,696,2016,5,20,8
487,843,2016,5,20,9
602,1063,2016,5,20,10
637,1126,2016,5,20,11
457,765,2016,5,20,12
524,960,2016,5,20,13
788,1422,2016,5,20,14
649,1139,2016,5,20,15
703,1192,2016,5,20,16
843,1493,2016,5,20,17
776,1312,2016,5,20,18
714,1248,2016,5,20,19
672,1168,2016,5,20,20
684,1169,2016,5,20,21
587,1064,2016,5,20,22
496,878,2016,5,20,23
153,266,2016,5,21,0
75,138,2016,5,21,1
4,10,2016,5,21,2
5,11,2016,5,21,3
6,18,2016,5,21,4
11,13,2016,5,21,5
13,19,2016,5,21,6
35,59,2016,5,21,7
148,266,2016,5,21,8
235,441,2016,5,21,9
417,696,2016,5,21,10
360,654,2016,5,21,11
391,711,2016,5,21,12
312,556,2016,5,21,13
374,667,2016,5,21,14
381,651,2016,5,21,15
417,715,2016,5,21,16
446,798,2016,5,21,17
348,633,2016,5,21,18
231,425,2016,5,21,19
234,402,2016,5,21,20
325,585,2016,5,21,21
234,432,2016,5,21,22
287,484,2016,5,21,23
106,176,2016,5,22,0
4,13,2016,5,22,1
3,3,2016,5,22,3
7,11,2016,5,22,4
16,26,2016,5,22,5
7,12,2016,5,22,6
36,55,2016,5,22,7
152,249,2016,5,22,8
307,506,2016,5,22,9
517,871,2016,5,22,10
496,807,2016,5,22,11
517,877,2016,5,22,12
545,955,2016,5,22,13
743,1274,2016,5,22,14
765,1296,2016,5,22,15
820,1431,2016,5,22,16
784,1353,2016,5,22,17
763,1351,2016,5,22,18
861,1445,2016,5,22,19
765,1251,2016,5,22,20
864,1445,2016,5,22,21
935,1640,2016,5,22,22
931,1474,2016,5,22,23
310,505,2016,5,23,0
4,4,2016,5,23,1
2,2,2016,5,23,2
1,2,2016,5,23,3
5,10,2016,5,23,4
19,22,2016,5,23,5
22,36,2016,5,23,6
399,656,2016,5,23,7
653,1128,2016,5,23,8
833,1406,2016,5,23,9
839,1371,2016,5,23,10
718,1211,2016,5,23,11
683,1216,2016,5,23,12
578,997,2016,5,23,13
614,982,2016,5,23,14
608,953,2016,5,23,15
712,1177,2016,5,23,16
683,1221,2016,5,23,17
598,1001,2016,5,23,18
727,1132,2016,5,23,19
650,1042,2016,5,23,20
753,1282,2016,5,23,21
773,1281,2016,5,23,22
667,1075,2016,5,23,23
366,636,2016,5,24,0
19,21,2016,5,24,1
1,1,2016,5,24,2
1,1,2016,5,24,3
8,14,2016,5,24,4
19,32,2016,5,24,5
31,70,2016,5,24,6
309,509,2016,5,24,7
510,867,2016,5,24,8
529,882,2016,5,24,9
569,971,2016,5,24,10
679,1177,2016,5,24,11
634,1106,2016,5,24,12
615,1079,2016,5,24,13
590,965,2016,5,24,14
545,944,2016,5,24,15
661,1089,2016,5,24,16
459,804,2016,5,24,17
659,1077,2016,5,24,18
721,1249,2016,5,24,19
555,936,2016,5,24,20
708,1178,2016,5,24,21
675,1166,2016,5,24,22
670,1098,2016,5,24,23
210,367,2016,5,25,0
35,72,2016,5,25,1
3,3,2016,5,25,2
3,4,2016,5,25,3
6,10,2016,5,25,4
14,18,2016,5,25,5
19,34,2016,5,25,6
304,502,2016,5,25,7
327,564,2016,5,25,8
556,953,2016,5,25,9
666,1176,2016,5,25,10
620,1065,2016,5,25,11
593,1075,2016,5,25,12
433,752,2016,5,25,13
593,1098,2016,5,25,14
612,1119,2016,5,25,15
729,1225,2016,5,25,16
704,1251,2016,5,25,17
712,1128,2016,5,25,18
560,972,2016,5,25,19
636,1047,2016,5,25,20
706,1158,2016,5,25,21
664,1074,2016,5,25,22
505,852,2016,5,25,23
207,349,2016,5,26,0
52,91,2016,5,26,1
2,2,2016,5,26,3
15,20,2016,5,26,4
28,47,2016,5,26,5
26,39,2016,5,26,6
246,397,2016,5,26,7
268,467,2016,5,26,8
481,847,2016,5,26,9
697,1244,2016,5,26,10
496,843,2016,5,26,11
504,851,2016,5,26,12
522,911,2016,5,26,13
636,1160,2016,5,26,14
677,1162,2016,5,26,15
654,1134,2016,5,26,16
640,1100,2016,5,26,17
693,1164,2016,5,26,18
685,1191,2016,5,26,19
740,1275,2016,5,26,20
645,1123,2016,5,26,21
597,995,2016,5,26,22
624,1025,2016,5,26,23
398,667,2016,5,27,0
32,68,2016,5,27,1
4,12,2016,5,27,2
1,4,2016,5,27,3
16,25,2016,5,27,4
20,32,2016,5,27,5
30,49,2016,5,27,6
164,253,2016,5,27,7
298,559,2016,5,27,8
421,717,2016,5,27,9
553,1011,2016,5,27,10
453,821,2016,5,27,11
455,788,2016,5,27,12
489,886,2016,5,27,13
654,1199,2016,5,27,14
611,1112,2016,5,27,15
604,994,2016,5,27,16
640,1160,2016,5,27,17
593,1045,2016,5,27,18
520,863,2016,5,27,19
646,1187,2016,5,27,20
527,918,2016,5,27,21
516,935,2016,5,27,22
511,870,2016,5,27,23
208,368,2016,5,28,0
43,68,2016,5,28,1
3,8,2016,5,28,2
5,15,2016,5,28,3
6,11,2016,5,28,4
4,9,2016,5,28,5
12,16,2016,5,28,6
25,40,2016,5,28,7
204,323,2016,5,28,8
211,385,2016,5,28,9
505,916,2016,5,28,10
276,513,2016,5,28,11
346,640,2016,5,28,12
333,574,2016,5,28,13
353,664,2016,5,28,14
345,661,2016,5,28,15
316,551,2016,5,28,16
396,757,2016,5,28,17
353,718,2016,5,28,18
163,289,2016,5,28,19
178,351,2016,5,28,20
261,486,2016,5,28,21
196,360,2016,5,28,22
255,467,2016,5,28,23
129,217,2016,5,29,0
13,19,2016,5,29,1
3,3,2016,5,29,2
3,7,2016,5,29,3
9,9,2016,5,29,4
5,6,2016,5,29,5
11,12,2016,5,29,6
23,35,2016,5,29,7
118,198,2016,5,29,8
132,235,2016,5,29,9
398,721,2016,5,29,10
311,597,2016,5,29,11
331,570,2016,5,29,12
288,503,2016,5,29,13
478,873,2016,5,29,14
553,957,2016,5,29,15
514,926,2016,5,29,16
604,1026,2016,5,29,17
456,765,2016,5,29,18
387,666,2016,5,29,19
413,752,2016,5,29,20
278,458,2016,5,29,21
485,860,2016,5,29,22
450,739,2016,5,29,23
230,394,2016,5,30,0
9,14,2016,5,30,1
5,12,2016,5,30,2
7,12,2016,5,30,3
4,4,2016,5,30,4
9,13,2016,5,30,5
11,11,2016,5,30,6
60,91,2016,5,30,7
286,514,2016,5,30,8
337,570,2016,5,30,9
525,902,2016,5,30,10
555,932,2016,5,30,11
502,870,2016,5,30,12
557,980,2016,5,30,13
706,1256,2016,5,30,14
656,1162,2016,5,30,15
787,1371,2016,5,30,16
745,1286,2016,5,30,17
826,1428,2016,5,30,18
815,1421,2016,5,30,19
860,1480,2016,5,30,20
867,1520,2016,5,30,21
1041,1824,2016,5,30,22
955,1594,2016,5,30,23
278,495,2016,5,31,0
66,107,2016,5,31,1
2,3,2016,5,31,3
10,19,2016,5,31,4
18,26,2016,5,31,5
29,43,2016,5,31,6
492,842,2016,5,31,7
680,1181,2016,5,31,8
837,1449,2016,5,31,9
932,1593,2016,5,31,10
691,1206,2016,5,31,11
610,1083,2016,5,31,12
596,1075,2016,5,31,13
674,1142,2016,5,31,14
633,1045,2016,5,31,15
611,1094,2016,5,31,16
663,1197,2016,5,31,17
678,1176,2016,5,31,18
677,1167,2016,5,31,19
645,1075,2016,5,31,20
646,1111,2016,5,31,21
733,1236,2016,5,31,22
617,1065,2016,5,31,23
377,626,2016,6,1,0
138,246,2016,6,1,1
26,41,2016,6,1,2
46,75,2016,6,1,3
7,11,2016,6,1,4
14,20,2016,6,1,5
38,52,2016,6,1,6
337,595,2016,6,1,7
522,973,2016,6,1,8
624,1077,2016,6,1,9
718,1268,2016,6,1,10
662,1181,2016,6,1,11
636,1121,2016,6,1,12
535,982,2016,6,1,13
638,1152,2016,6,1,14
610,1014,2016,6,1,15
717,1247,2016,6,1,16
704,1262,2016,6,1,17
714,1223,2016,6,1,18
602,1031,2016,6,1,19
681,1115,2016,6,1,20
624,1013,2016,6,1,21
624,1048,2016,6,1,22
679,1185,2016,6,1,23
135,238,2016,6,2,0
82,146,2016,6,2,1
3,3,2016,6,2,2
7,7,2016,6,2,4
11,15,2016,6,2,5
19,22,2016,6,2,6
260,450,2016,6,2,7
434,756,2016,6,2,8
564,963,2016,6,2,9
667,1207,2016,6,2,10
599,1049,2016,6,2,11
578,1055,2016,6,2,12
485,849,2016,6,2,13
670,1268,2016,6,2,14
661,1128,2016,6,2,15
718,1259,2016,6,2,16
663,1180,2016,6,2,17
672,1131,2016,6,2,18
674,1185,2016,6,2,19
632,1042,2016,6,2,20
746,1226,2016,6,2,21
697,1168,2016,6,2,22
678,1105,2016,6,2,23
338,583,2016,6,3,0
23,41,2016,6,3,1
5,12,2016,6,3,2
2,2,2016,6,3,3
6,7,2016,6,3,4
9,14,2016,6,3,5
24,40,2016,6,3,6
184,296,2016,6,3,7
321,541,2016,6,3,8
464,793,2016,6,3,9
550,962,2016,6,3,10
492,849,2016,6,3,11
547,948,2016,6,3,12
544,1015,2016,6,3,13
659,1193,2016,6,3,14
655,1128,2016,6,3,15
690,1256,2016,6,3,16
707,1294,2016,6,3,17
655,1052,2016,6,3,18
683,1197,2016,6,3,19
647,1094,2016,6,3,20
581,932,2016,6,3,21
522,868,2016,6,3,22
497,851,2016,6,3,23
245,422,2016,6,4,0
8,14,2016,6,4,1
5,7,2016,6,4,2
5,10,2016,6,4,3
8,13,2016,6,4,4
9,18,2016,6,4,5
14,18,2016,6,4,6
21,33,2016,6,4,7
160,277,2016,6,4,8
231,441,2016,6,4,9
450,843,2016,6,4,10
280,528,2016,6,4,11
346,669,2016,6,4,12
373,660,2016,6,4,13
378,651,2016,6,4,14
346,634,2016,6,4,15
338,624,2016,6,4,16
433,836,2016,6,4,17
378,662,2016,6,4,18
218,416,2016,6,4,19
315,555,2016,6,4,20
342,616,2016,6,4,21
245,432,2016,6,4,22
315,522,2016,6,4,23
117,191,2016,6,5,0
56,89,2016,6,5,1
2,3,2016,6,5,2
3,6,2016,6,5,3
5,10,2016,6,5,4
11,19,2016,6,5,5
7,9,2016,6,5,6
32,40,2016,6,5,7
160,295,2016,6,5,8
373,693,2016,6,5,9
587,1032,2016,6,5,10
505,947,2016,6,5,11
632,1094,2016,6,5,12
539,952,2016,6,5,13
715,1261,2016,6,5,14
676,1182,2016,6,5,15
684,1174,2016,6,5,16
708,1244,2016,6,5,17
548,943,2016,6,5,18
267,464,2016,6,5,19
621,1012,2016,6,5,20
814,1337,2016,6,5,21
955,1592,2016,6,5,22
981,1557,2016,6,5,23
1046,1724,2016,6,6,0
386,616,2016,6,6,1
18,23,2016,6,6,2
3,3,2016,6,6,3
10,10,2016,6,6,4
21,32,2016,6,6,5
78,116,2016,6,6,6
461,789,2016,6,6,7
744,1257,2016,6,6,8
853,1438,2016,6,6,9
938,1572,2016,6,6,10
861,1536,2016,6,6,11
766,1349,2016,6,6,12
666,1147,2016,6,6,13
694,1245,2016,6,6,14
690,1172,2016,6,6,15
781,1366,2016,6,6,16
772,1361,2016,6,6,17
772,1294,2016,6,6,18
714,1212,2016,6,6,19
600,961,2016,6,6,20
870,1488,2016,6,6,21
698,1213,2016,6,6,22
591,969,2016,6,6,23
225,401,2016,6,7,0
7,7,2016,6,7,1
2,2,2016,6,7,2
4,7,2016,6,7,4
15,33,2016,6,7,5
39,62,2016,6,7,6
359,616,2016,6,7,7
559,953,2016,6,7,8
689,1155,2016,6,7,9
780,1341,2016,6,7,10
753,1371,2016,6,7,11
668,1203,2016,6,7,12
611,1077,2016,6,7,13
603,1000,2016,6,7,14
331,580,2016,6,7,15
500,864,2016,6,7,16
442,807,2016,6,7,17
690,1212,2016,6,7,18
619,1064,2016,6,7,19
670,1105,2016,6,7,20
712,1113,2016,6,7,21
775,1272,2016,6,7,22
696,1163,2016,6,7,23
445,688,2016,6,8,0
111,207,2016,6,8,1
5,5,2016,6,8,2
3,3,2016,6,8,3
6,6,2016,6,8,4
18,23,2016,6,8,5
41,64,2016,6,8,6
345,552,2016,6,8,7
461,767,2016,6,8,8
581,992,2016,6,8,9
523,1011,2016,6,8,10
646,1149,2016,6,8,11
574,1045,2016,6,8,12
525,900,2016,6,8,13
586,964,2016,6,8,14
466,800,2016,6,8,15
559,970,2016,6,8,16
629,1120,2016,6,8,17
634,1082,2016,6,8,18
577,975,2016,6,8,19
596,995,2016,6,8,20
774,1275,2016,6,8,21
712,1164,2016,6,8,22
691,1171,2016,6,8,23
387,657,2016,6,9,0
6,12,2016,6,9,1
3,5,2016,6,9,2
1,1,2016,6,9,3
13,17,2016,6,9,4
18,22,2016,6,9,5
54,79,2016,6,9,6
317,507,2016,6,9,7
479,883,2016,6,9,8
659,1178,2016,6,9,9
679,1244,2016,6,9,10
667,1193,2016,6,9,11
573,1010,2016,6,9,12
678,1262,2016,6,9,13
552,1020,2016,6,9,14
690,1181,2016,6,9,15
683,1231,2016,6,9,16
687,1169,2016,6,9,17
729,1300,2016,6,9,18
747,1210,2016,6,9,19
664,1114,2016,6,9,20
780,1341,2016,6,9,21
804,1307,2016,6,9,22
775,1316,2016,6,9,23
562,922,2016,6,10,0
34,56,2016,6,10,1
3,3,2016,6,10,2
3,5,2016,6,10,3
8,18,2016,6,10,4
14,17,2016,6,10,5
38,61,2016,6,10,6
174,264,2016,6,10,7
375,699,2016,6,10,8
562,1066,2016,6,10,9
592,1065,2016,6,10,10
634,1157,2016,6,10,11
493,838,2016,6,10,12
561,1089,2016,6,10,13
618,1121,2016,6,10,14
705,1246,2016,6,10,15
711,1227,2016,6,10,16
675,1145,2016,6,10,17
673,1221,2016,6,10,18
774,1270,2016,6,10,19
691,1152,2016,6,10,20
654,1118,2016,6,10,21
544,950,2016,6,10,22
463,779,2016,6,10,23
304,534,2016,6,11,0
12,22,2016,6,11,1
2,4,2016,6,11,2
2,3,2016,6,11,3
5,5,2016,6,11,4
8,17,2016,6,11,5
14,16,2016,6,11,6
47,80,2016,6,11,7
147,255,2016,6,11,8
263,479,2016,6,11,9
408,767,2016,6,11,10
371,653,2016,6,11,11
367,649,2016,6,11,12
356,635,2016,6,11,13
359,640,2016,6,11,14
336,619,2016,6,11,15
338,608,2016,6,11,16
476,910,2016,6,11,17
339,621,2016,6,11,18
298,566,2016,6,11,19
241,420,2016,6,11,20
344,602,2016,6,11,21
264,523,2016,6,11,22
383,666,2016,6,11,23
66,107,2016,6,12,0
4,14,2016,6,12,1
4,12,2016,6,12,2
5,6,2016,6,12,3
7,13,2016,6,12,4
12,18,2016,6,12,5
11,16,2016,6,12,6
37,59,2016,6,12,7
158,289,2016,6,12,8
299,562,2016,6,12,9
499,940,2016,6,12,10
465,888,2016,6,12,11
534,940,2016,6,12,12
589,1005,2016,6,12,13
696,1227,2016,6,12,14
697,1220,2016,6,12,15
659,1134,2016,6,12,16
741,1304,2016,6,12,17
857,1523,2016,6,12,18
763,1259,2016,6,12,19
734,1245,2016,6,12,20
861,1490,2016,6,12,21
872,1529,2016,6,12,22
823,1401,2016,6,12,23
574,995,2016,6,13,0
89,162,2016,6,13,1
63,92,2016,6,13,2
4,5,2016,6,13,3
8,13,2016,6,13,4
17,34,2016,6,13,5
34,49,2016,6,13,6
499,790,2016,6,13,7
579,964,2016,6,13,8
796,1292,2016,6,13,9
832,1351,2016,6,13,10
883,1468,2016,6,13,11
737,1303,2016,6,13,12
642,1073,2016,6,13,13
716,1271,2016,6,13,14
699,1241,2016,6,13,15
526,920,2016,6,13,16
676,1182,2016,6,13,17
714,1261,2016,6,13,18
581,1015,2016,6,13,19
760,1290,2016,6,13,20
660,1076,2016,6,13,21
818,1413,2016,6,13,22
833,1414,2016,6,13,23
314,483,2016,6,14,0
1,1,2016,6,14,1
2,6,2016,6,14,2
5,9,2016,6,14,4
21,29,2016,6,14,5
41,66,2016,6,14,6
358,610,2016,6,14,7
638,1113,2016,6,14,8
643,1106,2016,6,14,9
852,1492,2016,6,14,10
690,1205,2016,6,14,11
520,914,2016,6,14,12
584,1024,2016,6,14,13
717,1228,2016,6,14,14
582,1012,2016,6,14,15
671,1141,2016,6,14,16
630,1138,2016,6,14,17
681,1197,2016,6,14,18
791,1364,2016,6,14,19
606,1009,2016,6,14,20
783,1289,2016,6,14,21
484,843,2016,6,14,22
534,872,2016,6,14,23
311,504,2016,6,15,0
6,11,2016,6,15,1
3,4,2016,6,15,2
1,1,2016,6,15,3
17,23,2016,6,15,4
13,20,2016,6,15,5
56,91,2016,6,15,6
325,523,2016,6,15,7
404,702,2016,6,15,8
618,1059,2016,6,15,9
722,1318,2016,6,15,10
649,1065,2016,6,15,11
579,958,2016,6,15,12
578,996,2016,6,15,13
679,1183,2016,6,15,14
648,1114,2016,6,15,15
703,1204,2016,6,15,16
745,1258,2016,6,15,17
648,1089,2016,6,15,18
741,1287,2016,6,15,19
606,954,2016,6,15,20
770,1219,2016,6,15,21
670,1145,2016,6,15,22
591,1012,2016,6,15,23
242,393,2016,6,16,0
5,6,2016,6,16,1
2,2,2016,6,16,3
4,6,2016,6,16,4
17,21,2016,6,16,5
21,44,2016,6,16,6
259,411,2016,6,16,7
368,606,2016,6,16,8
499,866,2016,6,16,9
651,1159,2016,6,16,10
655,1182,2016,6,16,11
643,1123,2016,6,16,12
338,617,2016,6,16,13
580,1066,2016,6,16,14
664,1152,2016,6,16,15
652,1195,2016,6,16,16
511,879,2016,6,16,17
724,1294,2016,6,16,18
788,1321,2016,6,16,19
735,1235,2016,6,16,20
798,1330,2016,6,16,21
868,1467,2016,6,16,22
754,1292,2016,6,16,23
535,912,2016,6,17,0
205,342,2016,6,17,1
3,3,2016,6,17,2
2,3,2016,6,17,3
14,21,2016,6,17,4
28,55,2016,6,17,5
29,59,2016,6,17,6
197,287,2016,6,17,7
391,704,2016,6,17,8
452,754,2016,6,17,9
605,1061,2016,6,17,10
600,1051,2016,6,17,11
567,981,2016,6,17,12
547,944,2016,6,17,13
634,1164,2016,6,17,14
527,915,2016,6,17,15
648,1162,2016,6,17,16
650,1088,2016,6,17,17
774,1336,2016,6,17,18
629,1124,2016,6,17,19
568,980,2016,6,17,20
634,1056,2016,6,17,21
617,1004,2016,6,17,22
458,783,2016,6,17,23
307,525,2016,6,18,0
10,20,2016,6,18,1
2,3,2016,6,18,2
5,7,2016,6,18,3
5,9,2016,6,18,4
12,20,2016,6,18,5
17,24,2016,6,18,6
36,50,2016,6,18,7
115,192,2016,6,18,8
201,348,2016,6,18,9
360,656,2016,6,18,10
358,666,2016,6,18,11
336,640,2016,6,18,12
291,509,2016,6,18,13
348,616,2016,6,18,14
369,636,2016,6,18,15
346,669,2016,6,18,16
387,710,2016,6,18,17
331,559,2016,6,18,18
268,471,2016,6,18,19
208,360,2016,6,18,20
318,527,2016,6,18,21
141,237,2016,6,18,22
216,372,2016,6,18,23
164,281,2016,6,19,0
78,135,2016,6,19,1
30,54,2016,6,19,2
4,4,2016,6,19,3
8,10,2016,6,19,4
11,23,2016,6,19,5
21,32,2016,6,19,6
21,30,2016,6,19,7
143,220,2016,6,19,8
275,507,2016,6,19,9
445,777,2016,6,19,10
499,873,2016,6,19,11
511,917,2016,6,19,12
374,646,2016,6,19,13
494,856,2016,6,19,14
626,1086,2016,6,19,15
802,1405,2016,6,19,16
734,1246,2016,6,19,17
772,1268,2016,6,19,18
854,1453,2016,6,19,19
663,1110,2016,6,19,20
887,1431,2016,6,19,21
992,1639,2016,6,19,22
941,1604,2016,6,19,23
365,606,2016,6,20,0
5,8,2016,6,20,1
2,3,2016,6,20,2
5,10,2016,6,20,4
14,28,2016,6,20,5
33,44,2016,6,20,6
473,760,2016,6,20,7
584,1013,2016,6,20,8
807,1310,2016,6,20,9
873,1484,2016,6,20,10
740,1273,2016,6,20,11
675,1195,2016,6,20,12
597,1059,2016,6,20,13
777,1379,2016,6,20,14
538,906,2016,6,20,15
711,1203,2016,6,20,16
692,1210,2016,6,20,17
690,1241,2016,6,20,18
686,1102,2016,6,20,19
685,1168,2016,6,20,20
708,1139,2016,6,20,21
615,1008,2016,6,20,22
621,1036,2016,6,20,23
110,173,2016,6,21,0
2,5,2016,6,21,1
3,3,2016,6,21,2
2,6,2016,6,21,3
4,9,2016,6,21,4
11,20,2016,6,21,5
21,28,2016,6,21,6
293,493,2016,6,21,7
468,792,2016,6,21,8
512,874,2016,6,21,9
739,1260,2016,6,21,10
593,1073,2016,6,21,11
605,1076,2016,6,21,12
550,994,2016,6,21,13
508,831,2016,6,21,14
435,758,2016,6,21,15
632,1118,2016,6,21,16
605,1046,2016,6,21,17
531,918,2016,6,21,18
604,1061,2016,6,21,19
594,1019,2016,6,21,20
595,955,2016,6,21,21
665,1175,2016,6,21,22
509,835,2016,6,21,23
404,717,2016,6,22,0
81,134,2016,6,22,1
8,10,2016,6,22,2
3,4,2016,6,22,4
16,21,2016,6,22,5
35,53,2016,6,22,6
306,474,2016,6,22,7
410,693,2016,6,22,8
598,1020,2016,6,22,9
672,1108,2016,6,22,10
704,1263,2016,6,22,11
578,968,2016,6,22,12
588,980,2016,6,22,13
552,907,2016,6,22,14
670,1145,2016,6,22,15
661,1186,2016,6,22,16
672,1154,2016,6,22,17
634,1119,2016,6,22,18
632,1106,2016,6,22,19
599,960,2016,6,22,20
735,1184,2016,6,22,21
663,1087,2016,6,22,22
475,816,2016,6,22,23
269,437,2016,6,23,0
53,89,2016,6,23,1
5,13,2016,6,23,2
2,4,2016,6,23,3
10,10,2016,6,23,4
17,33,2016,6,23,5
35,41,2016,6,23,6
318,500,2016,6,23,7
320,551,2016,6,23,8
528,916,2016,6,23,9
540,947,2016,6,23,10
501,908,2016,6,23,11
412,796,2016,6,23,12
520,918,2016,6,23,13
616,1078,2016,6,23,14
727,1262,2016,6,23,15
645,1095,2016,6,23,16
733,1273,2016,6,23,17
676,1145,2016,6,23,18
691,1200,2016,6,23,19
707,1188,2016,6,23,20
754,1237,2016,6,23,21
606,986,2016,6,23,22
697,1154,2016,6,23,23
554,920,2016,6,24,0
475,852,2016,6,24,1
134,224,2016,6,24,2
3,7,2016,6,24,3
9,9,2016,6,24,4
16,16,2016,6,24,5
35,61,2016,6,24,6
225,339,2016,6,24,7
372,656,2016,6,24,8
582,1006,2016,6,24,9
624,1110,2016,6,24,10
537,889,2016,6,24,11
441,766,2016,6,24,12
535,957,2016,6,24,13
644,1129,2016,6,24,14
580,1070,2016,6,24,15
610,1070,2016,6,24,16
660,1149,2016,6,24,17
676,1142,2016,6,24,18
698,1197,2016,6,24,19
652,1103,2016,6,24,20
625,1083,2016,6,24,21
787,1337,2016,6,24,22
605,1020,2016,6,24,23
339,577,2016,6,25,0
17,34,2016,6,25,1
3,4,2016,6,25,2
1,1,2016,6,25,3
8,11,2016,6,25,4
13,17,2016,6,25,5
10,33,2016,6,25,6
51,75,2016,6,25,7
164,297,2016,6,25,8
202,359,2016,6,25,9
443,715,2016,6,25,10
457,857,2016,6,25,11
353,674,2016,6,25,12
458,851,2016,6,25,13
396,737,2016,6,25,14
440,810,2016,6,25,15
458,813,2016,6,25,16
467,918,2016,6,25,17
350,693,2016,6,25,18
290,568,2016,6,25,19
254,437,2016,6,25,20
367,672,2016,6,25,21
296,524,2016,6,25,22
242,408,2016,6,25,23
180,326,2016,6,26,0
12,19,2016,6,26,1
7,10,2016,6,26,2
5,9,2016,6,26,3
12,25,2016,6,26,4
8,9,2016,6,26,5
13,26,2016,6,26,6
45,62,2016,6,26,7
164,286,2016,6,26,8
363,646,2016,6,26,9
462,815,2016,6,26,10
446,796,2016,6,26,11
504,867,2016,6,26,12
550,934,2016,6,26,13
695,1189,2016,6,26,14
666,1185,2016,6,26,15
743,1332,2016,6,26,16
762,1345,2016,6,26,17
766,1390,2016,6,26,18
817,1353,2016,6,26,19
719,1218,2016,6,26,20
834,1474,2016,6,26,21
863,1404,2016,6,26,22
848,1442,2016,6,26,23
501,852,2016,6,27,0
75,124,2016,6,27,1
18,33,2016,6,27,2
16,16,2016,6,27,4
22,28,2016,6,27,5
65,98,2016,6,27,6
432,725,2016,6,27,7
655,1115,2016,6,27,8
821,1395,2016,6,27,9
843,1423,2016,6,27,10
750,1284,2016,6,27,11
657,1140,2016,6,27,12
618,1045,2016,6,27,13
605,1067,2016,6,27,14
585,1001,2016,6,27,15
737,1240,2016,6,27,16
686,1221,2016,6,27,17
729,1248,2016,6,27,18
589,1013,2016,6,27,19
606,994,2016,6,27,20
730,1214,2016,6,27,21
620,986,2016,6,27,22
447,723,2016,6,27,23
239,436,2016,6,28,0
13,21,2016,6,28,1
2,5,2016,6,28,2
2,4,2016,6,28,3
5,6,2016,6,28,4
21,33,2016,6,28,5
33,65,2016,6,28,6
279,439,2016,6,28,7
472,833,2016,6,28,8
541,923,2016,6,28,9
652,1151,2016,6,28,10
582,1011,2016,6,28,11
516,939,2016,6,28,12
489,847,2016,6,28,13
432,692,2016,6,28,14
634,1096,2016,6,28,15
430,729,2016,6,28,16
365,616,2016,6,28,17
494,844,2016,6,28,18
530,920,2016,6,28,19
405,693,2016,6,28,20
445,740,2016,6,28,21
605,1010,2016,6,28,22
562,910,2016,6,28,23
623,1069,2016,6,29,0
536,904,2016,6,29,1
133,237,2016,6,29,2
7,12,2016,6,29,3
17,19,2016,6,29,4
19,29,2016,6,29,5
73,104,2016,6,29,6
339,564,2016,6,29,7
425,726,2016,6,29,8
634,1132,2016,6,29,9
525,927,2016,6,29,10
585,1020,2016,6,29,11
490,771,2016,6,29,12
495,914,2016,6,29,13
484,905,2016,6,29,14
596,1052,2016,6,29,15
503,821,2016,6,29,16
672,1177,2016,6,29,17
605,1015,2016,6,29,18
571,979,2016,6,29,19
629,1011,2016,6,29,20
643,987,2016,6,29,21
586,998,2016,6,29,22
429,723,2016,6,29,23
84,149,2016,6,30,0
6,11,2016,6,30,1
2,4,2016,6,30,2
4,4,2016,6,30,3
15,29,2016,6,30,4
33,49,2016,6,30,5
48,85,2016,6,30,6
192,297,2016,6,30,7
281,489,2016,6,30,8
488,872,2016,6,30,9
527,910,2016,6,30,10
480,851,2016,6,30,11
437,764,2016,6,30,12
437,798,2016,6,30,13
584,1014,2016,6,30,14
519,909,2016,6,30,15
640,1131,2016,6,30,16
790,1403,2016,6,30,17
718,1185,2016,6,30,18
658,1142,2016,6,30,19
672,1091,2016,6,30,20
641,1036,2016,6,30,21
781,1341,2016,6,30,22
444,715,2016,6,30,23
